source	source_release	retrieved_at_utc	endpoint	http_status	error	cache_file
ChEMBL mechanism	ChEMBL 36	2026-07-10T17:43:51+00:00	https://www.ebi.ac.uk/chembl/api/data/mechanism.json	200		cache/pharmacology/chembl/chembl_mechanism_11403f1cb69e5e29a8b3.json
ChEMBL mechanism	ChEMBL 36	2026-07-10T17:38:58+00:00	https://www.ebi.ac.uk/chembl/api/data/mechanism.json	200		cache/pharmacology/chembl/chembl_mechanism_2439b35c3e87205fe385.json
ChEMBL mechanism	ChEMBL 36	2026-07-10T17:41:32+00:00	https://www.ebi.ac.uk/chembl/api/data/mechanism.json	200		cache/pharmacology/chembl/chembl_mechanism_28cca9305f3decc690b1.json
ChEMBL mechanism	ChEMBL 36	2026-07-10T17:42:47+00:00	https://www.ebi.ac.uk/chembl/api/data/mechanism.json	200		cache/pharmacology/chembl/chembl_mechanism_2d24180547ffd767f4f8.json
ChEMBL mechanism	ChEMBL 36	2026-07-10T17:41:40+00:00	https://www.ebi.ac.uk/chembl/api/data/mechanism.json	200		cache/pharmacology/chembl/chembl_mechanism_33e7f1f24d10446947ce.json
ChEMBL mechanism	ChEMBL 36	2026-07-10T17:40:56+00:00	https://www.ebi.ac.uk/chembl/api/data/mechanism.json	200		cache/pharmacology/chembl/chembl_mechanism_370cd6f175ab61add21f.json
ChEMBL mechanism	ChEMBL 36	2026-07-10T17:38:44+00:00	https://www.ebi.ac.uk/chembl/api/data/mechanism.json	200		cache/pharmacology/chembl/chembl_mechanism_38de073b6473fb67767f.json
ChEMBL mechanism	ChEMBL 36	2026-07-10T17:41:47+00:00	https://www.ebi.ac.uk/chembl/api/data/mechanism.json	200		cache/pharmacology/chembl/chembl_mechanism_3a94adff817588102cf8.json
ChEMBL mechanism	ChEMBL 36	2026-07-10T17:38:40+00:00	https://www.ebi.ac.uk/chembl/api/data/mechanism.json	200		cache/pharmacology/chembl/chembl_mechanism_4233585b41d6edfb5174.json
ChEMBL mechanism	ChEMBL 36	2026-07-10T17:43:47+00:00	https://www.ebi.ac.uk/chembl/api/data/mechanism.json	200		cache/pharmacology/chembl/chembl_mechanism_4443c40812c07d6261cd.json
ChEMBL mechanism	ChEMBL 36	2026-07-10T17:41:03+00:00	https://www.ebi.ac.uk/chembl/api/data/mechanism.json	200		cache/pharmacology/chembl/chembl_mechanism_5239133b01efe3bc5755.json
ChEMBL mechanism	ChEMBL 36	2026-07-10T17:42:40+00:00	https://www.ebi.ac.uk/chembl/api/data/mechanism.json	200		cache/pharmacology/chembl/chembl_mechanism_5728401e5763f525b8e2.json
ChEMBL mechanism	ChEMBL 36	2026-07-10T17:38:59+00:00	https://www.ebi.ac.uk/chembl/api/data/mechanism.json	200		cache/pharmacology/chembl/chembl_mechanism_6fb7da2690dce2cfa415.json
ChEMBL mechanism	ChEMBL 36	2026-07-10T17:41:24+00:00	https://www.ebi.ac.uk/chembl/api/data/mechanism.json	200		cache/pharmacology/chembl/chembl_mechanism_71fea813746ea584c807.json
ChEMBL mechanism	ChEMBL 36	2026-07-10T17:38:49+00:00	https://www.ebi.ac.uk/chembl/api/data/mechanism.json	200		cache/pharmacology/chembl/chembl_mechanism_72ce4ec72adf3a63ef13.json
ChEMBL mechanism	ChEMBL 36	2026-07-10T17:38:55+00:00	https://www.ebi.ac.uk/chembl/api/data/mechanism.json	200		cache/pharmacology/chembl/chembl_mechanism_76c58996b37d803f3729.json
ChEMBL mechanism	ChEMBL 36	2026-07-10T17:38:56+00:00	https://www.ebi.ac.uk/chembl/api/data/mechanism.json	200		cache/pharmacology/chembl/chembl_mechanism_7b8b053652ff34810216.json
ChEMBL mechanism	ChEMBL 36	2026-07-10T17:41:27+00:00	https://www.ebi.ac.uk/chembl/api/data/mechanism.json	200		cache/pharmacology/chembl/chembl_mechanism_811542c19c59fdb2165d.json
ChEMBL mechanism	ChEMBL 36	2026-07-10T17:39:02+00:00	https://www.ebi.ac.uk/chembl/api/data/mechanism.json	200		cache/pharmacology/chembl/chembl_mechanism_8bb814ef8c973d4751ee.json
ChEMBL mechanism	ChEMBL 36	2026-07-10T17:38:53+00:00	https://www.ebi.ac.uk/chembl/api/data/mechanism.json	200		cache/pharmacology/chembl/chembl_mechanism_8ff33d8de4e8129be6a1.json
ChEMBL mechanism	ChEMBL 36	2026-07-10T17:40:41+00:00	https://www.ebi.ac.uk/chembl/api/data/mechanism.json	200		cache/pharmacology/chembl/chembl_mechanism_90a6f90c9e9703df5be8.json
ChEMBL mechanism	ChEMBL 36	2026-07-10T17:41:50+00:00	https://www.ebi.ac.uk/chembl/api/data/mechanism.json	200		cache/pharmacology/chembl/chembl_mechanism_916c7be592d843d94455.json
ChEMBL mechanism	ChEMBL 36	2026-07-10T17:43:06+00:00	https://www.ebi.ac.uk/chembl/api/data/mechanism.json	200		cache/pharmacology/chembl/chembl_mechanism_94841b0fe58040745103.json
ChEMBL mechanism	ChEMBL 36	2026-07-10T17:42:55+00:00	https://www.ebi.ac.uk/chembl/api/data/mechanism.json	200		cache/pharmacology/chembl/chembl_mechanism_9517f56ccc0f21b3c210.json
ChEMBL mechanism	ChEMBL 36	2026-07-10T17:43:01+00:00	https://www.ebi.ac.uk/chembl/api/data/mechanism.json	200		cache/pharmacology/chembl/chembl_mechanism_990821ae5cdf707b22a7.json
ChEMBL mechanism	ChEMBL 36	2026-07-10T17:38:52+00:00	https://www.ebi.ac.uk/chembl/api/data/mechanism.json	200		cache/pharmacology/chembl/chembl_mechanism_99f148eecca485a18e1e.json
ChEMBL mechanism	ChEMBL 36	2026-07-10T17:43:33+00:00	https://www.ebi.ac.uk/chembl/api/data/mechanism.json	200		cache/pharmacology/chembl/chembl_mechanism_9b256c5e0e8838f8707b.json
ChEMBL mechanism	ChEMBL 36	2026-07-10T17:38:42+00:00	https://www.ebi.ac.uk/chembl/api/data/mechanism.json	200		cache/pharmacology/chembl/chembl_mechanism_a258b365c19b9ebcdc97.json
ChEMBL mechanism	ChEMBL 36	2026-07-10T17:42:33+00:00	https://www.ebi.ac.uk/chembl/api/data/mechanism.json	200		cache/pharmacology/chembl/chembl_mechanism_a980d469ff6673aa1f43.json
ChEMBL mechanism	ChEMBL 36	2026-07-10T17:40:21+00:00	https://www.ebi.ac.uk/chembl/api/data/mechanism.json	200		cache/pharmacology/chembl/chembl_mechanism_aab9aa7f509d184dbdc2.json
ChEMBL mechanism	ChEMBL 36	2026-07-10T17:40:07+00:00	https://www.ebi.ac.uk/chembl/api/data/mechanism.json	200		cache/pharmacology/chembl/chembl_mechanism_abb8cf38aeb3c1d8aaa7.json
ChEMBL mechanism	ChEMBL 36	2026-07-10T17:42:14+00:00	https://www.ebi.ac.uk/chembl/api/data/mechanism.json	200		cache/pharmacology/chembl/chembl_mechanism_acd7481d8f5f8ed8e7b7.json
ChEMBL mechanism	ChEMBL 36	2026-07-10T17:42:06+00:00	https://www.ebi.ac.uk/chembl/api/data/mechanism.json	200		cache/pharmacology/chembl/chembl_mechanism_adcf7fa4a142910d213b.json
ChEMBL mechanism	ChEMBL 36	2026-07-10T17:42:51+00:00	https://www.ebi.ac.uk/chembl/api/data/mechanism.json	200		cache/pharmacology/chembl/chembl_mechanism_b0ecba26615ef3d0d10a.json
ChEMBL mechanism	ChEMBL 36	2026-07-10T17:43:38+00:00	https://www.ebi.ac.uk/chembl/api/data/mechanism.json	200		cache/pharmacology/chembl/chembl_mechanism_b21dc65c8019fc47e0c3.json
ChEMBL mechanism	ChEMBL 36	2026-07-10T17:41:56+00:00	https://www.ebi.ac.uk/chembl/api/data/mechanism.json	200		cache/pharmacology/chembl/chembl_mechanism_b526962dfd8a46c738e8.json
ChEMBL mechanism	ChEMBL 36	2026-07-10T17:38:48+00:00	https://www.ebi.ac.uk/chembl/api/data/mechanism.json	200		cache/pharmacology/chembl/chembl_mechanism_bab4806e76533c8c5558.json
ChEMBL mechanism	ChEMBL 36	2026-07-10T17:43:42+00:00	https://www.ebi.ac.uk/chembl/api/data/mechanism.json	200		cache/pharmacology/chembl/chembl_mechanism_bd0c19bac8cf876355b9.json
ChEMBL mechanism	ChEMBL 36	2026-07-10T17:40:45+00:00	https://www.ebi.ac.uk/chembl/api/data/mechanism.json	200		cache/pharmacology/chembl/chembl_mechanism_c24aad0af33b916954c3.json
ChEMBL mechanism	ChEMBL 36	2026-07-10T17:42:26+00:00	https://www.ebi.ac.uk/chembl/api/data/mechanism.json	200		cache/pharmacology/chembl/chembl_mechanism_c6c84afe9a1b81e1e060.json
ChEMBL mechanism	ChEMBL 36	2026-07-10T17:42:20+00:00	https://www.ebi.ac.uk/chembl/api/data/mechanism.json	200		cache/pharmacology/chembl/chembl_mechanism_c8053d34415b00c39d1a.json
ChEMBL mechanism	ChEMBL 36	2026-07-10T17:39:35+00:00	https://www.ebi.ac.uk/chembl/api/data/mechanism.json	200		cache/pharmacology/chembl/chembl_mechanism_cdeba77cd9691b2db4e5.json
ChEMBL mechanism	ChEMBL 36	2026-07-10T17:40:50+00:00	https://www.ebi.ac.uk/chembl/api/data/mechanism.json	200		cache/pharmacology/chembl/chembl_mechanism_d34f5fa67896cf592dd9.json
ChEMBL mechanism	ChEMBL 36	2026-07-10T17:39:00+00:00	https://www.ebi.ac.uk/chembl/api/data/mechanism.json	200		cache/pharmacology/chembl/chembl_mechanism_d5b62c601c40e4df4649.json
ChEMBL mechanism	ChEMBL 36	2026-07-10T17:43:15+00:00	https://www.ebi.ac.uk/chembl/api/data/mechanism.json	200		cache/pharmacology/chembl/chembl_mechanism_d851e73dfa1581cc0da5.json
ChEMBL mechanism	ChEMBL 36	2026-07-10T17:43:29+00:00	https://www.ebi.ac.uk/chembl/api/data/mechanism.json	200		cache/pharmacology/chembl/chembl_mechanism_dce314ed9c9f5aab536f.json
ChEMBL mechanism	ChEMBL 36	2026-07-10T17:41:19+00:00	https://www.ebi.ac.uk/chembl/api/data/mechanism.json	200		cache/pharmacology/chembl/chembl_mechanism_e18a9e0a2a15faf4000f.json
ChEMBL mechanism	ChEMBL 36	2026-07-10T17:38:46+00:00	https://www.ebi.ac.uk/chembl/api/data/mechanism.json	200		cache/pharmacology/chembl/chembl_mechanism_e28321958ed5d8b6dd3a.json
ChEMBL mechanism	ChEMBL 36	2026-07-10T17:40:27+00:00	https://www.ebi.ac.uk/chembl/api/data/mechanism.json	200		cache/pharmacology/chembl/chembl_mechanism_e89f3657bb8c13d6b45b.json
ChEMBL mechanism	ChEMBL 36	2026-07-10T17:43:11+00:00	https://www.ebi.ac.uk/chembl/api/data/mechanism.json	200		cache/pharmacology/chembl/chembl_mechanism_eb3e78245adb40350946.json
ChEMBL mechanism	ChEMBL 36	2026-07-10T17:43:56+00:00	https://www.ebi.ac.uk/chembl/api/data/mechanism.json	200		cache/pharmacology/chembl/chembl_mechanism_f3451705235779d0682e.json
ChEMBL target search	ChEMBL 36	2026-07-10T17:36:41+00:00	https://www.ebi.ac.uk/chembl/api/data/target/search.json	200		cache/pharmacology/chembl/chembl_target_search_0068ed127ebb8ab1f355.json
ChEMBL target search	ChEMBL 36	2026-07-10T17:41:44+00:00	https://www.ebi.ac.uk/chembl/api/data/target/search.json	200		cache/pharmacology/chembl/chembl_target_search_0077dfbee5e4fe9c1931.json
ChEMBL target search	ChEMBL 36	2026-07-10T17:36:54+00:00	https://www.ebi.ac.uk/chembl/api/data/target/search.json	200		cache/pharmacology/chembl/chembl_target_search_00be303f056bdbb3a464.json
ChEMBL target search	ChEMBL 36	2026-07-10T17:42:25+00:00	https://www.ebi.ac.uk/chembl/api/data/target/search.json	200		cache/pharmacology/chembl/chembl_target_search_03360e9615e409643bd0.json
ChEMBL target search	ChEMBL 36	2026-07-10T17:43:27+00:00	https://www.ebi.ac.uk/chembl/api/data/target/search.json	200		cache/pharmacology/chembl/chembl_target_search_05592a83c9b2bc82d5dc.json
ChEMBL target search	ChEMBL 36	2026-07-10T17:40:14+00:00	https://www.ebi.ac.uk/chembl/api/data/target/search.json	200		cache/pharmacology/chembl/chembl_target_search_078837836125d2a9f224.json
ChEMBL target search	ChEMBL 36	2026-07-10T17:41:59+00:00	https://www.ebi.ac.uk/chembl/api/data/target/search.json	200		cache/pharmacology/chembl/chembl_target_search_07dab814241e9aacde09.json
ChEMBL target search	ChEMBL 36	2026-07-10T17:43:55+00:00	https://www.ebi.ac.uk/chembl/api/data/target/search.json	200		cache/pharmacology/chembl/chembl_target_search_091f68d749eb5dfd899e.json
ChEMBL target search	ChEMBL 36	2026-07-10T17:37:30+00:00	https://www.ebi.ac.uk/chembl/api/data/target/search.json	200		cache/pharmacology/chembl/chembl_target_search_0953594aeaa26d0489e0.json
ChEMBL target search	ChEMBL 36	2026-07-10T17:39:51+00:00	https://www.ebi.ac.uk/chembl/api/data/target/search.json	200		cache/pharmacology/chembl/chembl_target_search_09ad1f91758789ce2864.json
ChEMBL target search	ChEMBL 36	2026-07-10T17:39:59+00:00	https://www.ebi.ac.uk/chembl/api/data/target/search.json	200		cache/pharmacology/chembl/chembl_target_search_0a8eb744bd639aa9e5f9.json
ChEMBL target search	ChEMBL 36	2026-07-10T17:43:50+00:00	https://www.ebi.ac.uk/chembl/api/data/target/search.json	200		cache/pharmacology/chembl/chembl_target_search_0e3446cb506bdbaeb6d0.json
ChEMBL target search	ChEMBL 36	2026-07-10T17:42:09+00:00	https://www.ebi.ac.uk/chembl/api/data/target/search.json	200		cache/pharmacology/chembl/chembl_target_search_0fe36f9ea21091095308.json
ChEMBL target search	ChEMBL 36	2026-07-10T17:40:02+00:00	https://www.ebi.ac.uk/chembl/api/data/target/search.json	200		cache/pharmacology/chembl/chembl_target_search_16a693c8693937dc5774.json
ChEMBL target search	ChEMBL 36	2026-07-10T17:43:41+00:00	https://www.ebi.ac.uk/chembl/api/data/target/search.json	200		cache/pharmacology/chembl/chembl_target_search_1a56756c2db392fe018a.json
ChEMBL target search	ChEMBL 36	2026-07-10T17:41:20+00:00	https://www.ebi.ac.uk/chembl/api/data/target/search.json	200		cache/pharmacology/chembl/chembl_target_search_1edf4e0473e9128a7367.json
ChEMBL target search	ChEMBL 36	2026-07-10T17:43:46+00:00	https://www.ebi.ac.uk/chembl/api/data/target/search.json	200		cache/pharmacology/chembl/chembl_target_search_1f524d0e063ca90528ff.json
ChEMBL target search	ChEMBL 36	2026-07-10T17:40:30+00:00	https://www.ebi.ac.uk/chembl/api/data/target/search.json	200		cache/pharmacology/chembl/chembl_target_search_2097dca14eda82f69c08.json
ChEMBL target search	ChEMBL 36	2026-07-10T17:37:35+00:00	https://www.ebi.ac.uk/chembl/api/data/target/search.json	200		cache/pharmacology/chembl/chembl_target_search_29002bb1a9086973bc3c.json
ChEMBL target search	ChEMBL 36	2026-07-10T17:36:44+00:00	https://www.ebi.ac.uk/chembl/api/data/target/search.json	200		cache/pharmacology/chembl/chembl_target_search_291ff96d4e42f1229f8d.json
ChEMBL target search	ChEMBL 36	2026-07-10T17:42:04+00:00	https://www.ebi.ac.uk/chembl/api/data/target/search.json	200		cache/pharmacology/chembl/chembl_target_search_2b8980561c77a2310058.json
ChEMBL target search	ChEMBL 36	2026-07-10T17:36:26+00:00	https://www.ebi.ac.uk/chembl/api/data/target/search.json	200		cache/pharmacology/chembl/chembl_target_search_2ce4690b4cc5f13016a9.json
ChEMBL target search	ChEMBL 36	2026-07-10T17:36:31+00:00	https://www.ebi.ac.uk/chembl/api/data/target/search.json	200		cache/pharmacology/chembl/chembl_target_search_2e45a4766298c5fec452.json
ChEMBL target search	ChEMBL 36	2026-07-10T17:42:32+00:00	https://www.ebi.ac.uk/chembl/api/data/target/search.json	200		cache/pharmacology/chembl/chembl_target_search_2ff473ab704fce630f62.json
ChEMBL target search	ChEMBL 36	2026-07-10T17:41:36+00:00	https://www.ebi.ac.uk/chembl/api/data/target/search.json	200		cache/pharmacology/chembl/chembl_target_search_30bf2fb868d5ae590383.json
ChEMBL target search	ChEMBL 36	2026-07-10T17:37:21+00:00	https://www.ebi.ac.uk/chembl/api/data/target/search.json	200		cache/pharmacology/chembl/chembl_target_search_30c7dbef9740e38f57f5.json
ChEMBL target search	ChEMBL 36	2026-07-10T17:43:13+00:00	https://www.ebi.ac.uk/chembl/api/data/target/search.json	200		cache/pharmacology/chembl/chembl_target_search_318161a47afc63545b4c.json
ChEMBL target search	ChEMBL 36	2026-07-10T17:40:10+00:00	https://www.ebi.ac.uk/chembl/api/data/target/search.json	200		cache/pharmacology/chembl/chembl_target_search_347ab96e4b4d84d4d41d.json
ChEMBL target search	ChEMBL 36	2026-07-10T17:40:04+00:00	https://www.ebi.ac.uk/chembl/api/data/target/search.json	200		cache/pharmacology/chembl/chembl_target_search_37f2194913a2e4b88fdc.json
ChEMBL target search	ChEMBL 36	2026-07-10T17:42:17+00:00	https://www.ebi.ac.uk/chembl/api/data/target/search.json	200		cache/pharmacology/chembl/chembl_target_search_38fd2cef1cb1dda27ec2.json
ChEMBL target search	ChEMBL 36	2026-07-10T17:37:26+00:00	https://www.ebi.ac.uk/chembl/api/data/target/search.json	200		cache/pharmacology/chembl/chembl_target_search_3903411adf18d4387408.json
ChEMBL target search	ChEMBL 36	2026-07-10T17:36:48+00:00	https://www.ebi.ac.uk/chembl/api/data/target/search.json	200		cache/pharmacology/chembl/chembl_target_search_400b6db0640fa6b459ab.json
ChEMBL target search	ChEMBL 36	2026-07-10T17:43:05+00:00	https://www.ebi.ac.uk/chembl/api/data/target/search.json	200		cache/pharmacology/chembl/chembl_target_search_40ac4bb7b32cc62d8caf.json
ChEMBL target search	ChEMBL 36	2026-07-10T17:41:05+00:00	https://www.ebi.ac.uk/chembl/api/data/target/search.json	200		cache/pharmacology/chembl/chembl_target_search_415ad87b50136c4889e5.json
ChEMBL target search	ChEMBL 36	2026-07-10T17:43:36+00:00	https://www.ebi.ac.uk/chembl/api/data/target/search.json	200		cache/pharmacology/chembl/chembl_target_search_42409979866949911035.json
ChEMBL target search	ChEMBL 36	2026-07-10T17:37:33+00:00	https://www.ebi.ac.uk/chembl/api/data/target/search.json	200		cache/pharmacology/chembl/chembl_target_search_428cc1690d468ef4bc2c.json
ChEMBL target search	ChEMBL 36	2026-07-10T17:41:49+00:00	https://www.ebi.ac.uk/chembl/api/data/target/search.json	200		cache/pharmacology/chembl/chembl_target_search_4594f6583d42ee012b26.json
ChEMBL target search	ChEMBL 36	2026-07-10T17:40:44+00:00	https://www.ebi.ac.uk/chembl/api/data/target/search.json	200		cache/pharmacology/chembl/chembl_target_search_45e89805cd461941fe4e.json
ChEMBL target search	ChEMBL 36	2026-07-10T17:41:12+00:00	https://www.ebi.ac.uk/chembl/api/data/target/search.json	200		cache/pharmacology/chembl/chembl_target_search_47fd99a5067679d9f572.json
ChEMBL target search	ChEMBL 36	2026-07-10T17:37:01+00:00	https://www.ebi.ac.uk/chembl/api/data/target/search.json	200		cache/pharmacology/chembl/chembl_target_search_4b56acd87ea9932dff52.json
ChEMBL target search	ChEMBL 36	2026-07-10T17:43:00+00:00	https://www.ebi.ac.uk/chembl/api/data/target/search.json	200		cache/pharmacology/chembl/chembl_target_search_4e37e60df987862e4a85.json
ChEMBL target search	ChEMBL 36	2026-07-10T17:40:26+00:00	https://www.ebi.ac.uk/chembl/api/data/target/search.json	200		cache/pharmacology/chembl/chembl_target_search_4febf1cd0c642168ffb6.json
ChEMBL target search	ChEMBL 36	2026-07-10T17:40:38+00:00	https://www.ebi.ac.uk/chembl/api/data/target/search.json	200		cache/pharmacology/chembl/chembl_target_search_50597120a97a98844657.json
ChEMBL target search	ChEMBL 36	2026-07-10T17:41:22+00:00	https://www.ebi.ac.uk/chembl/api/data/target/search.json	200		cache/pharmacology/chembl/chembl_target_search_52b7ed72ee5603995586.json
ChEMBL target search	ChEMBL 36	2026-07-10T17:36:57+00:00	https://www.ebi.ac.uk/chembl/api/data/target/search.json	200		cache/pharmacology/chembl/chembl_target_search_542948ca0e26b2720aa9.json
ChEMBL target search	ChEMBL 36	2026-07-10T17:36:59+00:00	https://www.ebi.ac.uk/chembl/api/data/target/search.json	200		cache/pharmacology/chembl/chembl_target_search_5505f5e751b6647c386b.json
ChEMBL target search	ChEMBL 36	2026-07-10T17:42:45+00:00	https://www.ebi.ac.uk/chembl/api/data/target/search.json	200		cache/pharmacology/chembl/chembl_target_search_55bd39549172053f3aad.json
ChEMBL target search	ChEMBL 36	2026-07-10T17:39:28+00:00	https://www.ebi.ac.uk/chembl/api/data/target/search.json	200		cache/pharmacology/chembl/chembl_target_search_57f34978f11dbbe52815.json
ChEMBL target search	ChEMBL 36	2026-07-10T17:37:37+00:00	https://www.ebi.ac.uk/chembl/api/data/target/search.json	200		cache/pharmacology/chembl/chembl_target_search_591b9aece94c6db239c0.json
ChEMBL target search	ChEMBL 36	2026-07-10T17:37:15+00:00	https://www.ebi.ac.uk/chembl/api/data/target/search.json	200		cache/pharmacology/chembl/chembl_target_search_6674338f836050ed1a1f.json
ChEMBL target search	ChEMBL 36	2026-07-10T17:40:24+00:00	https://www.ebi.ac.uk/chembl/api/data/target/search.json	200		cache/pharmacology/chembl/chembl_target_search_6f2017929dd3dcfd9545.json
ChEMBL target search	ChEMBL 36	2026-07-10T17:39:30+00:00	https://www.ebi.ac.uk/chembl/api/data/target/search.json	200		cache/pharmacology/chembl/chembl_target_search_73536210a1789c619165.json
ChEMBL target search	ChEMBL 36	2026-07-10T17:42:01+00:00	https://www.ebi.ac.uk/chembl/api/data/target/search.json	200		cache/pharmacology/chembl/chembl_target_search_742dcaa34908d5d3990f.json
ChEMBL target search	ChEMBL 36	2026-07-10T17:43:19+00:00	https://www.ebi.ac.uk/chembl/api/data/target/search.json	200		cache/pharmacology/chembl/chembl_target_search_74e525f904caff161302.json
ChEMBL target search	ChEMBL 36	2026-07-10T17:41:55+00:00	https://www.ebi.ac.uk/chembl/api/data/target/search.json	200		cache/pharmacology/chembl/chembl_target_search_80b98edc3a2355c9ebc8.json
ChEMBL target search	ChEMBL 36	2026-07-10T17:43:24+00:00	https://www.ebi.ac.uk/chembl/api/data/target/search.json	200		cache/pharmacology/chembl/chembl_target_search_8498b8350f26b3719bc5.json
ChEMBL target search	ChEMBL 36	2026-07-10T17:41:14+00:00	https://www.ebi.ac.uk/chembl/api/data/target/search.json	200		cache/pharmacology/chembl/chembl_target_search_85fbc47178e434d2d899.json
ChEMBL target search	ChEMBL 36	2026-07-10T17:42:19+00:00	https://www.ebi.ac.uk/chembl/api/data/target/search.json	200		cache/pharmacology/chembl/chembl_target_search_879000a139b223a38086.json
ChEMBL target search	ChEMBL 36	2026-07-10T17:37:07+00:00	https://www.ebi.ac.uk/chembl/api/data/target/search.json	200		cache/pharmacology/chembl/chembl_target_search_8f3b81a9eca0f1e0bb3c.json
ChEMBL target search	ChEMBL 36	2026-07-10T17:40:16+00:00	https://www.ebi.ac.uk/chembl/api/data/target/search.json	200		cache/pharmacology/chembl/chembl_target_search_913d6ba8603d41802a03.json
ChEMBL target search	ChEMBL 36	2026-07-10T17:41:30+00:00	https://www.ebi.ac.uk/chembl/api/data/target/search.json	200		cache/pharmacology/chembl/chembl_target_search_92f48dbc066ac37f8dd4.json
ChEMBL target search	ChEMBL 36	2026-07-10T17:37:04+00:00	https://www.ebi.ac.uk/chembl/api/data/target/search.json	200		cache/pharmacology/chembl/chembl_target_search_964039ca8797a37044cf.json
ChEMBL target search	ChEMBL 36	2026-07-10T17:42:13+00:00	https://www.ebi.ac.uk/chembl/api/data/target/search.json	200		cache/pharmacology/chembl/chembl_target_search_988ff126a40cf4c942bc.json
ChEMBL target search	ChEMBL 36	2026-07-10T17:39:46+00:00	https://www.ebi.ac.uk/chembl/api/data/target/search.json	200		cache/pharmacology/chembl/chembl_target_search_99dcd26e19b32af52ba4.json
ChEMBL target search	ChEMBL 36	2026-07-10T17:42:57+00:00	https://www.ebi.ac.uk/chembl/api/data/target/search.json	200		cache/pharmacology/chembl/chembl_target_search_9ad80875bf7f92a3b6b7.json
ChEMBL target search	ChEMBL 36	2026-07-10T17:41:16+00:00	https://www.ebi.ac.uk/chembl/api/data/target/search.json	200		cache/pharmacology/chembl/chembl_target_search_9d0affd2dfc191b7e7b0.json
ChEMBL target search	ChEMBL 36	2026-07-10T17:39:33+00:00	https://www.ebi.ac.uk/chembl/api/data/target/search.json	200		cache/pharmacology/chembl/chembl_target_search_9e56838fae8b533d7ee2.json
ChEMBL target search	ChEMBL 36	2026-07-10T17:40:33+00:00	https://www.ebi.ac.uk/chembl/api/data/target/search.json	200		cache/pharmacology/chembl/chembl_target_search_9fc1d1fe387342502c06.json
ChEMBL target search	ChEMBL 36	2026-07-10T17:41:01+00:00	https://www.ebi.ac.uk/chembl/api/data/target/search.json	200		cache/pharmacology/chembl/chembl_target_search_a0b3b04d045915c56183.json
ChEMBL target search	ChEMBL 36	2026-07-10T17:37:11+00:00	https://www.ebi.ac.uk/chembl/api/data/target/search.json	200		cache/pharmacology/chembl/chembl_target_search_a9b7e000c5d021386f94.json
ChEMBL target search	ChEMBL 36	2026-07-10T17:42:49+00:00	https://www.ebi.ac.uk/chembl/api/data/target/search.json	200		cache/pharmacology/chembl/chembl_target_search_ac19d1db028dc953d7cc.json
ChEMBL target search	ChEMBL 36	2026-07-10T17:39:44+00:00	https://www.ebi.ac.uk/chembl/api/data/target/search.json	200		cache/pharmacology/chembl/chembl_target_search_ac609f912b958f691d73.json
ChEMBL target search	ChEMBL 36	2026-07-10T17:36:51+00:00	https://www.ebi.ac.uk/chembl/api/data/target/search.json	200		cache/pharmacology/chembl/chembl_target_search_b2fea4283ee968596e03.json
ChEMBL target search	ChEMBL 36	2026-07-10T17:40:20+00:00	https://www.ebi.ac.uk/chembl/api/data/target/search.json	200		cache/pharmacology/chembl/chembl_target_search_b5e719b3b451bee248be.json
ChEMBL target search	ChEMBL 36	2026-07-10T17:42:39+00:00	https://www.ebi.ac.uk/chembl/api/data/target/search.json	200		cache/pharmacology/chembl/chembl_target_search_b837b0423562bb0b3a02.json
ChEMBL target search	ChEMBL 36	2026-07-10T17:40:58+00:00	https://www.ebi.ac.uk/chembl/api/data/target/search.json	200		cache/pharmacology/chembl/chembl_target_search_be8aaf3d72aa477c72a7.json
ChEMBL target search	ChEMBL 36	2026-07-10T17:43:31+00:00	https://www.ebi.ac.uk/chembl/api/data/target/search.json	200		cache/pharmacology/chembl/chembl_target_search_c0abbbc531f08d8310e3.json
ChEMBL target search	ChEMBL 36	2026-07-10T17:43:10+00:00	https://www.ebi.ac.uk/chembl/api/data/target/search.json	200		cache/pharmacology/chembl/chembl_target_search_c30c744dbc91e2c61561.json
ChEMBL target search	ChEMBL 36	2026-07-10T17:41:42+00:00	https://www.ebi.ac.uk/chembl/api/data/target/search.json	200		cache/pharmacology/chembl/chembl_target_search_c347fdb7eaa15ac29964.json
ChEMBL target search	ChEMBL 36	2026-07-10T17:37:23+00:00	https://www.ebi.ac.uk/chembl/api/data/target/search.json	200		cache/pharmacology/chembl/chembl_target_search_c42da57c4e1016872caf.json
ChEMBL target search	ChEMBL 36	2026-07-10T17:40:49+00:00	https://www.ebi.ac.uk/chembl/api/data/target/search.json	200		cache/pharmacology/chembl/chembl_target_search_c548babc97851138b57e.json
ChEMBL target search	ChEMBL 36	2026-07-10T17:43:03+00:00	https://www.ebi.ac.uk/chembl/api/data/target/search.json	200		cache/pharmacology/chembl/chembl_target_search_ca73f0ff6bb6f35d8cd0.json
ChEMBL target search	ChEMBL 36	2026-07-10T17:36:36+00:00	https://www.ebi.ac.uk/chembl/api/data/target/search.json	200		cache/pharmacology/chembl/chembl_target_search_cb957c44eae47261865c.json
ChEMBL target search	ChEMBL 36	2026-07-10T17:42:54+00:00	https://www.ebi.ac.uk/chembl/api/data/target/search.json	200		cache/pharmacology/chembl/chembl_target_search_ce80201da68172e252f0.json
ChEMBL target search	ChEMBL 36	2026-07-10T17:41:08+00:00	https://www.ebi.ac.uk/chembl/api/data/target/search.json	200		cache/pharmacology/chembl/chembl_target_search_d09cea785eb30210e2ee.json
ChEMBL target search	ChEMBL 36	2026-07-10T17:42:11+00:00	https://www.ebi.ac.uk/chembl/api/data/target/search.json	200		cache/pharmacology/chembl/chembl_target_search_d49d020fdf185f748883.json
ChEMBL target search	ChEMBL 36	2026-07-10T17:43:21+00:00	https://www.ebi.ac.uk/chembl/api/data/target/search.json	200		cache/pharmacology/chembl/chembl_target_search_e58fae9669d3c657d609.json
ChEMBL target search	ChEMBL 36	2026-07-10T17:40:54+00:00	https://www.ebi.ac.uk/chembl/api/data/target/search.json	200		cache/pharmacology/chembl/chembl_target_search_e613e54b767c1c2ba470.json
ChEMBL target search	ChEMBL 36	2026-07-10T17:37:17+00:00	https://www.ebi.ac.uk/chembl/api/data/target/search.json	200		cache/pharmacology/chembl/chembl_target_search_ec599fe3816da1f9e5aa.json
ChEMBL target search	ChEMBL 36	2026-07-10T17:39:53+00:00	https://www.ebi.ac.uk/chembl/api/data/target/search.json	200		cache/pharmacology/chembl/chembl_target_search_eeee35ab0195280b2b0a.json
ChEMBL target search	ChEMBL 36	2026-07-10T17:40:36+00:00	https://www.ebi.ac.uk/chembl/api/data/target/search.json	200		cache/pharmacology/chembl/chembl_target_search_f296bce7af89b2ca38e8.json
ChEMBL target search	ChEMBL 36	2026-07-10T17:41:25+00:00	https://www.ebi.ac.uk/chembl/api/data/target/search.json	200		cache/pharmacology/chembl/chembl_target_search_f2d844512152c6da11c4.json
ChEMBL target search	ChEMBL 36	2026-07-10T17:39:40+00:00	https://www.ebi.ac.uk/chembl/api/data/target/search.json	200		cache/pharmacology/chembl/chembl_target_search_f5aacffbb806ba2a48d8.json
ChEMBL target search	ChEMBL 36	2026-07-10T17:41:52+00:00	https://www.ebi.ac.uk/chembl/api/data/target/search.json	400	"HTTP 400: {""error_message"": ""Search query too short""}"	cache/pharmacology/chembl/chembl_target_search_f5c2b1d4791ca788715c.json
ChEMBL target search	ChEMBL 36	2026-07-10T17:44:00+00:00	https://www.ebi.ac.uk/chembl/api/data/target/search.json	200		cache/pharmacology/chembl/chembl_target_search_f816ca78e0ded701a5df.json
ChEMBL target search	ChEMBL 36	2026-07-10T17:36:28+00:00	https://www.ebi.ac.uk/chembl/api/data/target/search.json	200		cache/pharmacology/chembl/chembl_target_search_fa79a2cd95722353568f.json
ChEMBL target search	ChEMBL 36	2026-07-10T17:39:57+00:00	https://www.ebi.ac.uk/chembl/api/data/target/search.json	200		cache/pharmacology/chembl/chembl_target_search_fc9a156de5005463a720.json
DGIdb	5.0	2026-07-10T17:44:02+00:00	https://dgidb.org/api/graphql	200		cache/pharmacology/dgidb/dgidb_0b38a53fab22046929af.json
DGIdb	5.0	2026-07-10T17:44:01+00:00	https://dgidb.org/api/graphql	200		cache/pharmacology/dgidb/dgidb_11290d9e4e5aced6235b.json
DGIdb	5.0	2026-07-10T17:37:39+00:00	https://dgidb.org/api/graphql	200		cache/pharmacology/dgidb/dgidb_891e22c02dfb031a6079.json
DGIdb	5.0	2026-07-10T17:44:03+00:00	https://dgidb.org/api/graphql	200		cache/pharmacology/dgidb/dgidb_acaf7811b71b411a89fc.json
Open Targets	26.06	2026-07-10T17:42:18+00:00	https://api.platform.opentargets.org/api/v4/graphql	200		cache/pharmacology/open_targets/open_targets_027cb084e34c19e71c19.json
Open Targets	26.06	2026-07-10T17:43:35+00:00	https://api.platform.opentargets.org/api/v4/graphql	200		cache/pharmacology/open_targets/open_targets_02a49c1dcde0a084a68a.json
Open Targets	26.06	2026-07-10T17:42:58+00:00	https://api.platform.opentargets.org/api/v4/graphql	200		cache/pharmacology/open_targets/open_targets_03f4b6a73a20b47f3031.json
Open Targets	26.06	2026-07-10T17:42:11+00:00	https://api.platform.opentargets.org/api/v4/graphql	200		cache/pharmacology/open_targets/open_targets_05406503f2ca4ce43119.json
Open Targets	26.06	2026-07-10T17:39:57+00:00	https://api.platform.opentargets.org/api/v4/graphql	200		cache/pharmacology/open_targets/open_targets_0599306e473e2d911f29.json
Open Targets	26.06	2026-07-10T17:43:16+00:00	https://api.platform.opentargets.org/api/v4/graphql	200		cache/pharmacology/open_targets/open_targets_07b27fffc8c3cf1b6c60.json
Open Targets	26.06	2026-07-10T17:40:36+00:00	https://api.platform.opentargets.org/api/v4/graphql	200		cache/pharmacology/open_targets/open_targets_08a04033caedd7033ed1.json
Open Targets	26.06	2026-07-10T17:36:52+00:00	https://api.platform.opentargets.org/api/v4/graphql	200		cache/pharmacology/open_targets/open_targets_0938e9135aa75d85a591.json
Open Targets	26.06	2026-07-10T17:42:34+00:00	https://api.platform.opentargets.org/api/v4/graphql	200		cache/pharmacology/open_targets/open_targets_0b4807cedfecae1d030b.json
Open Targets	26.06	2026-07-10T17:37:34+00:00	https://api.platform.opentargets.org/api/v4/graphql	200		cache/pharmacology/open_targets/open_targets_0bd65d87277d5de5603c.json
Open Targets	26.06	2026-07-10T17:41:40+00:00	https://api.platform.opentargets.org/api/v4/graphql	200		cache/pharmacology/open_targets/open_targets_0d01ae5d36ce4ff4997d.json
Open Targets	26.06	2026-07-10T17:42:47+00:00	https://api.platform.opentargets.org/api/v4/graphql	200		cache/pharmacology/open_targets/open_targets_0e6eb57f65f486d75a39.json
Open Targets	26.06	2026-07-10T17:40:17+00:00	https://api.platform.opentargets.org/api/v4/graphql	200		cache/pharmacology/open_targets/open_targets_10b295f765d10ae0b0ab.json
Open Targets	26.06	2026-07-10T17:41:28+00:00	https://api.platform.opentargets.org/api/v4/graphql	200		cache/pharmacology/open_targets/open_targets_10e4148ec7d41391c81f.json
Open Targets	26.06	2026-07-10T17:40:24+00:00	https://api.platform.opentargets.org/api/v4/graphql	200		cache/pharmacology/open_targets/open_targets_122ea4abd5191a112ed6.json
Open Targets	26.06	2026-07-10T17:37:22+00:00	https://api.platform.opentargets.org/api/v4/graphql	200		cache/pharmacology/open_targets/open_targets_12fedb4fe35946b3e223.json
Open Targets	26.06	2026-07-10T17:41:53+00:00	https://api.platform.opentargets.org/api/v4/graphql	200		cache/pharmacology/open_targets/open_targets_13c89451f27e7a2b9335.json
Open Targets	26.06	2026-07-10T17:40:30+00:00	https://api.platform.opentargets.org/api/v4/graphql	200		cache/pharmacology/open_targets/open_targets_15b3d67907ad22cf3114.json
Open Targets	26.06	2026-07-10T17:37:08+00:00	https://api.platform.opentargets.org/api/v4/graphql	200		cache/pharmacology/open_targets/open_targets_1677bd661136b1b9dacc.json
Open Targets	26.06	2026-07-10T17:40:46+00:00	https://api.platform.opentargets.org/api/v4/graphql	200		cache/pharmacology/open_targets/open_targets_1fb5c717853d4c601dfa.json
Open Targets	26.06	2026-07-10T17:36:29+00:00	https://api.platform.opentargets.org/api/v4/graphql	200		cache/pharmacology/open_targets/open_targets_22c677d26e6fce37d596.json
Open Targets	26.06	2026-07-10T17:37:24+00:00	https://api.platform.opentargets.org/api/v4/graphql	200		cache/pharmacology/open_targets/open_targets_283a9e272e1fd2b97f05.json
Open Targets	26.06	2026-07-10T17:39:48+00:00	https://api.platform.opentargets.org/api/v4/graphql	200		cache/pharmacology/open_targets/open_targets_2cb5381681c28c8b644f.json
Open Targets	26.06	2026-07-10T17:39:45+00:00	https://api.platform.opentargets.org/api/v4/graphql	200		cache/pharmacology/open_targets/open_targets_318f53596a65c89d4c9b.json
Open Targets	26.06	2026-07-10T17:41:57+00:00	https://api.platform.opentargets.org/api/v4/graphql	200		cache/pharmacology/open_targets/open_targets_32665445453075534121.json
Open Targets	26.06	2026-07-10T17:37:31+00:00	https://api.platform.opentargets.org/api/v4/graphql	200		cache/pharmacology/open_targets/open_targets_33f91717fe7fd146dd61.json
Open Targets	26.06	2026-07-10T17:39:36+00:00	https://api.platform.opentargets.org/api/v4/graphql	200		cache/pharmacology/open_targets/open_targets_3cd0e0bf87d332c4c2f1.json
Open Targets	26.06	2026-07-10T17:41:15+00:00	https://api.platform.opentargets.org/api/v4/graphql	200		cache/pharmacology/open_targets/open_targets_42134cb88237a8f6ff18.json
Open Targets	26.06	2026-07-10T17:40:59+00:00	https://api.platform.opentargets.org/api/v4/graphql	200		cache/pharmacology/open_targets/open_targets_46a2db1d0be1b6d01100.json
Open Targets	26.06	2026-07-10T17:42:00+00:00	https://api.platform.opentargets.org/api/v4/graphql	200		cache/pharmacology/open_targets/open_targets_49bd2d2227cde52fcbe0.json
Open Targets	26.06	2026-07-10T17:40:57+00:00	https://api.platform.opentargets.org/api/v4/graphql	200		cache/pharmacology/open_targets/open_targets_4a0e6b383e9a2906c05f.json
Open Targets	26.06	2026-07-10T17:39:26+00:00	https://api.platform.opentargets.org/api/v4/graphql	200		cache/pharmacology/open_targets/open_targets_51d59a8633fdbdb7706c.json
Open Targets	26.06	2026-07-10T17:43:01+00:00	https://api.platform.opentargets.org/api/v4/graphql	200		cache/pharmacology/open_targets/open_targets_591dc357cba86e626659.json
Open Targets	26.06	2026-07-10T17:42:15+00:00	https://api.platform.opentargets.org/api/v4/graphql	200		cache/pharmacology/open_targets/open_targets_59a35a5a3636c8d771e7.json
Open Targets	26.06	2026-07-10T17:36:58+00:00	https://api.platform.opentargets.org/api/v4/graphql	200		cache/pharmacology/open_targets/open_targets_5aa389e1af7d62c3ab9d.json
Open Targets	26.06	2026-07-10T17:39:52+00:00	https://api.platform.opentargets.org/api/v4/graphql	200		cache/pharmacology/open_targets/open_targets_5d51b48489adfe60607b.json
Open Targets	26.06	2026-07-10T17:43:43+00:00	https://api.platform.opentargets.org/api/v4/graphql	200		cache/pharmacology/open_targets/open_targets_608e3c88013b88c1ae1e.json
Open Targets	26.06	2026-07-10T17:41:24+00:00	https://api.platform.opentargets.org/api/v4/graphql	200		cache/pharmacology/open_targets/open_targets_65b7fa91d9757b72d2e0.json
Open Targets	26.06	2026-07-10T17:40:22+00:00	https://api.platform.opentargets.org/api/v4/graphql	200		cache/pharmacology/open_targets/open_targets_66058cc0f01ac5820d5c.json
Open Targets	26.06	2026-07-10T17:37:18+00:00	https://api.platform.opentargets.org/api/v4/graphql	200		cache/pharmacology/open_targets/open_targets_69dfa54038174395cde2.json
Open Targets	26.06	2026-07-10T17:36:49+00:00	https://api.platform.opentargets.org/api/v4/graphql	200		cache/pharmacology/open_targets/open_targets_6bfb6bd29f71fc3f49f7.json
Open Targets	26.06	2026-07-10T17:36:38+00:00	https://api.platform.opentargets.org/api/v4/graphql	200		cache/pharmacology/open_targets/open_targets_6c1b35e3008b2e79c214.json
Open Targets	26.06	2026-07-10T17:43:22+00:00	https://api.platform.opentargets.org/api/v4/graphql	200		cache/pharmacology/open_targets/open_targets_6cec18ead6ac8162c592.json
Open Targets	26.06	2026-07-10T17:37:15+00:00	https://api.platform.opentargets.org/api/v4/graphql	200		cache/pharmacology/open_targets/open_targets_6db2596594d2086cfb7d.json
Open Targets	26.06	2026-07-10T17:36:55+00:00	https://api.platform.opentargets.org/api/v4/graphql	200		cache/pharmacology/open_targets/open_targets_756180ec0b0219788a12.json
Open Targets	26.06	2026-07-10T17:40:00+00:00	https://api.platform.opentargets.org/api/v4/graphql	200		cache/pharmacology/open_targets/open_targets_7693029e14c97959766c.json
Open Targets	26.06	2026-07-10T17:37:27+00:00	https://api.platform.opentargets.org/api/v4/graphql	200		cache/pharmacology/open_targets/open_targets_77655ffb82634527ce50.json
Open Targets	26.06	2026-07-10T17:43:25+00:00	https://api.platform.opentargets.org/api/v4/graphql	200		cache/pharmacology/open_targets/open_targets_7aafe1611f9fb0d1f65d.json
Open Targets	26.06	2026-07-10T17:36:46+00:00	https://api.platform.opentargets.org/api/v4/graphql	200		cache/pharmacology/open_targets/open_targets_7c148930519ba6124561.json
Open Targets	26.06	2026-07-10T17:36:27+00:00	https://api.platform.opentargets.org/api/v4/graphql	200		cache/pharmacology/open_targets/open_targets_7ca3f6e175a327fb5c85.json
Open Targets	26.06	2026-07-10T17:43:52+00:00	https://api.platform.opentargets.org/api/v4/graphql	200		cache/pharmacology/open_targets/open_targets_7de014333c35b642be41.json
Open Targets	26.06	2026-07-10T17:43:11+00:00	https://api.platform.opentargets.org/api/v4/graphql	200		cache/pharmacology/open_targets/open_targets_8108614e7092fa2037b5.json
Open Targets	26.06	2026-07-10T17:43:57+00:00	https://api.platform.opentargets.org/api/v4/graphql	200		cache/pharmacology/open_targets/open_targets_836d74a0d7d7578840fc.json
Open Targets	26.06	2026-07-10T17:41:21+00:00	https://api.platform.opentargets.org/api/v4/graphql	200		cache/pharmacology/open_targets/open_targets_83a6698cd7be69274199.json
Open Targets	26.06	2026-07-10T17:36:32+00:00	https://api.platform.opentargets.org/api/v4/graphql	200		cache/pharmacology/open_targets/open_targets_868b2a1549ac0cff2412.json
Open Targets	26.06	2026-07-10T17:43:20+00:00	https://api.platform.opentargets.org/api/v4/graphql	200		cache/pharmacology/open_targets/open_targets_878d35f6654d44d5bbe5.json
Open Targets	26.06	2026-07-10T17:40:41+00:00	https://api.platform.opentargets.org/api/v4/graphql	200		cache/pharmacology/open_targets/open_targets_899a851e3705d2eaa3ed.json
Open Targets	26.06	2026-07-10T17:40:08+00:00	https://api.platform.opentargets.org/api/v4/graphql	200		cache/pharmacology/open_targets/open_targets_8d41d6d66fcf7bfa8f9a.json
Open Targets	26.06	2026-07-10T17:41:33+00:00	https://api.platform.opentargets.org/api/v4/graphql	200		cache/pharmacology/open_targets/open_targets_900b89d0079796846e40.json
Open Targets	26.06	2026-07-10T17:37:12+00:00	https://api.platform.opentargets.org/api/v4/graphql	200		cache/pharmacology/open_targets/open_targets_91bee0bb50bf6c747aa2.json
Open Targets	26.06	2026-07-10T17:41:51+00:00	https://api.platform.opentargets.org/api/v4/graphql	200		cache/pharmacology/open_targets/open_targets_92433e2543e7e8679e98.json
Open Targets	26.06	2026-07-10T17:41:06+00:00	https://api.platform.opentargets.org/api/v4/graphql	200		cache/pharmacology/open_targets/open_targets_92ab7621e634a15d7255.json
Open Targets	26.06	2026-07-10T17:41:09+00:00	https://api.platform.opentargets.org/api/v4/graphql	200		cache/pharmacology/open_targets/open_targets_a4fed9f26e65832b9b0a.json
Open Targets	26.06	2026-07-10T17:39:54+00:00	https://api.platform.opentargets.org/api/v4/graphql	200		cache/pharmacology/open_targets/open_targets_a62afce61b5453a5a23b.json
Open Targets	26.06	2026-07-10T17:41:03+00:00	https://api.platform.opentargets.org/api/v4/graphql	200		cache/pharmacology/open_targets/open_targets_a670d1a128853da81ada.json
Open Targets	26.06	2026-07-10T17:41:19+00:00	https://api.platform.opentargets.org/api/v4/graphql	200		cache/pharmacology/open_targets/open_targets_a75c2eb6c1b6abf41ece.json
Open Targets	26.06	2026-07-10T17:40:34+00:00	https://api.platform.opentargets.org/api/v4/graphql	200		cache/pharmacology/open_targets/open_targets_a78bac3b147437f96d1d.json
Open Targets	26.06	2026-07-10T17:40:11+00:00	https://api.platform.opentargets.org/api/v4/graphql	200		cache/pharmacology/open_targets/open_targets_a8625500a081565148a0.json
Open Targets	26.06	2026-07-10T17:40:51+00:00	https://api.platform.opentargets.org/api/v4/graphql	200		cache/pharmacology/open_targets/open_targets_af50a37da3a246ab99d8.json
Open Targets	26.06	2026-07-10T17:37:36+00:00	https://api.platform.opentargets.org/api/v4/graphql	200		cache/pharmacology/open_targets/open_targets_b058c479747f569bcdfd.json
Open Targets	26.06	2026-07-10T17:42:09+00:00	https://api.platform.opentargets.org/api/v4/graphql	200		cache/pharmacology/open_targets/open_targets_b595588f5fbe4462dd4c.json
Open Targets	26.06	2026-07-10T17:43:48+00:00	https://api.platform.opentargets.org/api/v4/graphql	200		cache/pharmacology/open_targets/open_targets_b79392a90ffab536c4f3.json
Open Targets	26.06	2026-07-10T17:40:15+00:00	https://api.platform.opentargets.org/api/v4/graphql	200		cache/pharmacology/open_targets/open_targets_b9f1fea3024ed3f7620c.json
Open Targets	26.06	2026-07-10T17:37:02+00:00	https://api.platform.opentargets.org/api/v4/graphql	200		cache/pharmacology/open_targets/open_targets_bbc323894d5f21cd8af1.json
Open Targets	26.06	2026-07-10T17:36:24+00:00	https://api.platform.opentargets.org/api/v4/graphql	200		cache/pharmacology/open_targets/open_targets_bd1c29ac5b08f34249fe.json
Open Targets	26.06	2026-07-10T17:42:21+00:00	https://api.platform.opentargets.org/api/v4/graphql	200		cache/pharmacology/open_targets/open_targets_be9f8b2441eeea7939ac.json
Open Targets	26.06	2026-07-10T17:40:28+00:00	https://api.platform.opentargets.org/api/v4/graphql	200		cache/pharmacology/open_targets/open_targets_c062003c64b908140b3e.json
Open Targets	26.06	2026-07-10T17:42:41+00:00	https://api.platform.opentargets.org/api/v4/graphql	200		cache/pharmacology/open_targets/open_targets_c144b524928da8645e8d.json
Open Targets	26.06	2026-07-10T17:42:02+00:00	https://api.platform.opentargets.org/api/v4/graphql	200		cache/pharmacology/open_targets/open_targets_c1f6f940f760abee1d13.json
Open Targets	26.06	2026-07-10T17:39:29+00:00	https://api.platform.opentargets.org/api/v4/graphql	200		cache/pharmacology/open_targets/open_targets_c56720f514122e90c879.json
Open Targets	26.06	2026-07-10T17:40:03+00:00	https://api.platform.opentargets.org/api/v4/graphql	200		cache/pharmacology/open_targets/open_targets_c6e78bd5f0196d17749f.json
Open Targets	26.06	2026-07-10T17:41:48+00:00	https://api.platform.opentargets.org/api/v4/graphql	200		cache/pharmacology/open_targets/open_targets_cbaf2f8ccb0f109cfe0d.json
Open Targets	26.06	2026-07-10T17:36:42+00:00	https://api.platform.opentargets.org/api/v4/graphql	200		cache/pharmacology/open_targets/open_targets_ccddaa0557b21240dde1.json
Open Targets	26.06	2026-07-10T17:43:03+00:00	https://api.platform.opentargets.org/api/v4/graphql	200		cache/pharmacology/open_targets/open_targets_cfccddb1555a3f2fb81f.json
Open Targets	26.06	2026-07-10T17:37:05+00:00	https://api.platform.opentargets.org/api/v4/graphql	200		cache/pharmacology/open_targets/open_targets_d91a87f326f22f81f365.json
Open Targets	26.06	2026-07-10T17:42:51+00:00	https://api.platform.opentargets.org/api/v4/graphql	200		cache/pharmacology/open_targets/open_targets_da8ecfe7844e9e510078.json
Open Targets	26.06	2026-07-10T17:39:42+00:00	https://api.platform.opentargets.org/api/v4/graphql	200		cache/pharmacology/open_targets/open_targets_dfaae6cad150da4b5f13.json
Open Targets	26.06	2026-07-10T17:41:13+00:00	https://api.platform.opentargets.org/api/v4/graphql	200		cache/pharmacology/open_targets/open_targets_e0f424161d0c05f0e523.json
Open Targets	26.06	2026-07-10T17:41:43+00:00	https://api.platform.opentargets.org/api/v4/graphql	200		cache/pharmacology/open_targets/open_targets_e14d41557e7f0fa18e72.json
Open Targets	26.06	2026-07-10T17:39:31+00:00	https://api.platform.opentargets.org/api/v4/graphql	200		cache/pharmacology/open_targets/open_targets_e4ceb1329fa96e79372e.json
Open Targets	26.06	2026-07-10T17:42:07+00:00	https://api.platform.opentargets.org/api/v4/graphql	200		cache/pharmacology/open_targets/open_targets_e793ec064b021a1dd4eb.json
Open Targets	26.06	2026-07-10T17:43:39+00:00	https://api.platform.opentargets.org/api/v4/graphql	200		cache/pharmacology/open_targets/open_targets_e8588099fbe5d45577f5.json
Open Targets	26.06	2026-07-10T17:37:00+00:00	https://api.platform.opentargets.org/api/v4/graphql	200		cache/pharmacology/open_targets/open_targets_ea9cb460842d1d52caec.json
Open Targets	26.06	2026-07-10T17:43:07+00:00	https://api.platform.opentargets.org/api/v4/graphql	200		cache/pharmacology/open_targets/open_targets_eca36b59cfacf42cacad.json
Open Targets	26.06	2026-07-10T17:42:56+00:00	https://api.platform.opentargets.org/api/v4/graphql	200		cache/pharmacology/open_targets/open_targets_f1d832d6451687c64288.json
Open Targets	26.06	2026-07-10T17:43:29+00:00	https://api.platform.opentargets.org/api/v4/graphql	200		cache/pharmacology/open_targets/open_targets_f4b772d419057e94e332.json
Open Targets	26.06	2026-07-10T17:42:27+00:00	https://api.platform.opentargets.org/api/v4/graphql	200		cache/pharmacology/open_targets/open_targets_fe5f73dad4fdec884707.json
