mouse_gene_id	mouse_gene_name	human_gene_id	human_gene_name	primary_state	mouse_spatial_score	human_detected	human_detection_fraction	human_mean_log_expression	intended_score_column	intended_score_pearson_r	graph_morans_i	matched_null_n	matched_null_moran_p95	matched_null_moran_p99	moran_empirical_upper_p	hotspot_overlap_fraction	human_support_score	interpretation	open_targets_found	open_targets_tractability_labels	open_targets_tractability_modalities	open_targets_cv_disease_score	open_targets_cv_diseases	open_targets_is_essential	open_targets_safety_liability_count	open_targets_safety_events	open_targets_drug_count	chembl_target_id	chembl_target_type	chembl_mechanism_count	dgidb_interaction_count	pharmacology_source_count	known_drug_or_interaction_count	highest_clinical_phase	pharmacology_status
ENSMUSG00000031972	Acta1	ENSG00000143632	ACTA1	mechanical_adverse	36.95945351433853	True	0.927143778207608	3.270271844969541	mechanical_border_score	0.5948027109852096	0.450774465239155	100	0.2144647496874268	0.43054409722617304	0.019801980198019802	0.25	14.568816265911257	single-section within-human spatial support; not external validation	True	Database Ubiquitination; Structure with Ligand	PR; SM	0.43905138115480613	hypertrophic cardiomyopathy; dilated cardiomyopathy; familial restrictive cardiomyopathy	False	0		0			0	1	1	1	0.0	available
ENSMUSG00000035783	Acta2	ENSG00000107796	ACTA2	scar_repair_associated	38.58170232617402	True	0.5138620245003224	1.0619681154580536	fibroblast_scar_repair_score	0.3978764950186442	0.29127492388726184	100	0.16283160870784047	0.26327464007141277	0.019801980198019802	0.3125	13.887258970111866	single-section within-human spatial support; not external validation	True	Database Ubiquitination	PR	0.04439393214472638	familial isolated restrictive cardiomyopathy; cardiomyopathy, familial restrictive, 3	False	0		0			0	0	0	0	0	unavailable
ENSMUSG00000029580	Actb	ENSG00000075624	ACTB	scar_repair_associated	39.10567123443498	True	0.854287556415216	2.406709973430098	fibroblast_scar_repair_score	0.5090493231377285	0.41536087379966175	100	0.16145794538407812	0.28034563465970513	0.009900990099009901	0.18045112781954886	14.497904961382762	single-section within-human spatial support; not external validation	True	Database Ubiquitination; GO CC high conf; Half-life Data; Structure with Ligand; UniProt Ubiquitination	AB; PR; SM	0.5063785001596386	hypertrophic cardiomyopathy; coronary artery disorder; Sensorineural deafness with dilated cardiomyopathy	True	0		0	CHEMBL2062353	SINGLE PROTEIN	0	3	1	3	0.0	available
ENSMUSG00000068614	Actc1	ENSG00000159251	ACTC1	mechanical_adverse	36.37650537938125	True	0.8826563507414571	2.831497281116465	mechanical_border_score	0.5614802164602897	0.3703539814766206	100	0.1979732372936357	0.3170159290541284	0.009900990099009901	0.32116788321167883	15.93822436445517	single-section within-human spatial support; not external validation	True	Database Ubiquitination; Structure with Ligand	PR; SM	0.8003565117328012	hypertrophic cardiomyopathy; hypertrophic cardiomyopathy 11; familial isolated dilated cardiomyopathy; Left ventricular noncompaction cardiomyopathy; cardiomyopathy; Rare familial disorder with hypertrophic cardiomyopathy; familial hypertrophic cardiomyopathy; dilated cardiomyopathy	False	0		0	CHEMBL6066852	SINGLE PROTEIN	0	2	1	2	0.0	available
ENSMUSG00000062825	Actg1	ENSG00000184009	ACTG1	scar_repair_associated	37.639664767812874	True	0.7479045776918117	1.804784962262437	fibroblast_scar_repair_score	0.4264912308401579	0.2709269401361597	100	0.18135513646205131	0.22144865111592466	0.019801980198019802	0.15517241379310345	12.800326695385776	single-section within-human spatial support; not external validation	True	Database Ubiquitination; GO CC high conf; Half-life Data; Structure with Ligand	AB; PR; SM	0.5047896179103925	hypertrophic cardiomyopathy; coronary artery disorder	True	1	grade 3-4 neurotoxicity	0			0	2	1	2	0.0	available
ENSMUSG00000052374	Actn2	ENSG00000077522	ACTN2	mechanical_adverse	34.49492910548819	True	0.536428110896196	1.0956819296486127	mechanical_border_score	0.41174054216256933	0.20495287478904128	100	0.2642677353876306	0.497304711187685	0.07920792079207921	0.05952380952380952	9.946633729165892	single-section within-human spatial support; not external validation	True	Database Ubiquitination; GO CC high conf; Half-life Data; Med-Quality Pocket; Structure with Ligand; UniProt Ubiquitination	AB; PR; SM	0.7861386170784607	dilated cardiomyopathy 1AA; Rare familial disorder with hypertrophic cardiomyopathy; autosomal dominant dilated cardiomyopathy; cardiomyopathy, familial hypertrophic, 23, with or without ventricular noncompaction; intrinsic cardiomyopathy; familial hypertrophic cardiomyopathy; heart failure; hypertrophic cardiomyopathy	False	0		0			0	0	0	0	0	unavailable
ENSMUSG00000020473	Aebp1	ENSG00000106624	AEBP1	scar_repair_associated	38.975107108703796	True	0.7195357833655706	1.7052427362154152	fibroblast_scar_repair_score	0.4749421863315677	0.25884888690910396	100	0.1842165562052515	0.25540031782155076	0.019801980198019802	0.3125	14.349653117989407	single-section within-human spatial support; not external validation	True	Database Ubiquitination; GO CC med conf; UniProt SigP or TMHMM; UniProt loc med conf	AB; PR	0.0194859826064368	heart failure; familial dilated cardiomyopathy	False	0		0			0	0	0	0	0	unavailable
ENSMUSG00000024803	Ankrd1	ENSG00000148677	ANKRD1	mechanical_adverse	37.97316663317157	True	0.8749194068343005	2.5862963948503146	mechanical_border_score	0.6540715728349584	0.35149292103325996	100	0.12067504551943518	0.1625739271352666	0.009900990099009901	0.18382352941176472	15.395017672303869	single-section within-human spatial support; not external validation	True			0.3808081526448414	familial isolated dilated cardiomyopathy; dilated cardiomyopathy; ankrd1-related dilated cardiomyopathy; autosomal dominant dilated cardiomyopathy; cardiomyopathy; familial hypertrophic cardiomyopathy; hypertrophic cardiomyopathy 1; Rare familial disorder with hypertrophic cardiomyopathy	False	0		0			0	0	0	0	0	unavailable
ENSMUSG00000002985	Apoe	ENSG00000130203	APOE	scar_repair_associated	39.37365229505947	True	0.3662153449387492	0.7214006237194823	fibroblast_scar_repair_score	0.23931672658983938	0.30254062001949145	100	0.19492598136357972	0.32159374650052247	0.0297029702970297	0.03508771929824561	10.716602113925003	single-section within-human spatial support; not external validation	True	Database Ubiquitination; GO CC high conf; Half-life Data; Structure with Ligand; UniProt SigP or TMHMM; UniProt loc high conf	AB; PR; SM	0.7749114975458468	coronary artery disorder; myocardial infarction; heart failure; acute myocardial infarction; coronary artery bypass; coronary artery calcification	False	4	elevated plasma lipids; elevated triglycerides; hemorrhage; hypertriglyceridemia	0			0	39	1	39	0.0	available
ENSMUSG00000031375	Bgn	ENSG00000182492	BGN	scar_repair_associated	38.18319495707481	True	0.8452611218568665	2.430981757105498	fibroblast_scar_repair_score	0.5845384395842005	0.3940900657696746	100	0.16849604899488022	0.3263720063579491	0.019801980198019802	0.3712121212121212	15.476927607202171	single-section within-human spatial support; not external validation	True	GO CC high conf; Half-life Data; UniProt SigP or TMHMM; UniProt loc med conf	AB; PR	0.0		False	0		0			0	0	0	0	0	unavailable
ENSMUSG00000036887	C1qa	ENSG00000173372	C1QA	scar_repair_associated	38.95967826083008	True	0.41070277240490005	0.8592925690007794	fibroblast_scar_repair_score	0.212138786177321	0.3696662942749331	100	0.18487781645657728	0.2706120005759904	0.009900990099009901	0.046875	11.647832717063926	single-section within-human spatial support; not external validation	True	GO CC high conf; Structure with Ligand; UniProt SigP or TMHMM; UniProt loc high conf	AB; SM	0.0		False	0		0			0	1	1	1	0.0	available
ENSMUSG00000027861	Casq2	ENSG00000118729	CASQ2	mechanical_adverse	34.2084394804805	True	0.5286911669890393	1.062795690094292	mechanical_border_score	0.4203725763170196	0.24266666554047583	100	0.16371435810261353	0.27192381787034053	0.039603960396039604	0.10975609756097561	12.400284238389922	single-section within-human spatial support; not external validation	True	Med-Quality Pocket; UniProt SigP or TMHMM	AB; SM	0.18770630828303625	cardiomyopathy; hypertrophic cardiomyopathy; Rare familial disorder with hypertrophic cardiomyopathy; familial isolated dilated cardiomyopathy; hypertrophic cardiomyopathy 12; Familial dilated cardiomyopathy with conduction defect due to LMNA mutation; dilated cardiomyopathy 1E; hypertrophic cardiomyopathy 14	False	0		0			0	0	0	0	0	unavailable
ENSMUSG00000049103	Ccr2	ENSG00000121807	CCR2	scar_repair_associated	33.771147530522995	True	0.015473887814313346	0.023445891370355815	fibroblast_scar_repair_score	0.0319553353701707	-0.0053973473510879255	100	0.023528738644024737	0.034012808499570925	0.6633663366336634	0.0	0.810687524793558	single-section within-human spatial support; not external validation	True	Advanced Clinical; Druggable Family; GO CC high conf; Half-life Data; High-Quality Ligand; Human Protein Atlas loc; Small Molecule Binder; Structure with Ligand; UniProt SigP or TMHMM; UniProt loc high conf	AB; OC; PR; SM	0.0		False	0		10	CHEMBL4015	SINGLE PROTEIN	10	53	3	73	3.0	available
ENSMUSG00000024610	Cd74	ENSG00000019582	CD74	immune_fibrotic_adverse	38.246395779255145	True	0.7524177949709865	1.9214096049126634	immune_fibrotic_activation_score	0.41051260116600446	0.4108615829784298	100	0.21955589604612621	0.5194905378720104	0.0297029702970297	0.21367521367521367	13.172477316397735	single-section within-human spatial support; not external validation	True	Advanced Clinical; Approved Drug; Database Ubiquitination; GO CC high conf; Half-life Data; High-Quality Ligand; High-Quality Pocket; Small Molecule Binder; UniProt SigP or TMHMM; UniProt loc high conf	AB; PR; SM	0.0		False	0		2	CHEMBL4692	SINGLE PROTEIN	1	5	3	8	2.0	available
ENSMUSG00000042254	Cilp	ENSG00000138615	CILP	mechanical_adverse	36.32020344733499	True	0.16054158607350097	0.24442320612543242	mechanical_border_score	0.19359181933205744	0.12194394777357408	100	0.16314778140581276	0.32851764197123556	0.09900990099009901	0.12	9.121550915992344	single-section within-human spatial support; not external validation	True	Database Ubiquitination; GO CC high conf; UniProt SigP or TMHMM; UniProt loc high conf	AB; PR	0.0753326937132317	familial dilated cardiomyopathy; heart failure; diabetic cardiomyopathy; myocardial infarction; ischemic cardiomyopathy; congestive heart failure	False	0		0			0	0	0	0	0	unavailable
ENSMUSG00000001270	Ckb	ENSG00000166165	CKB	immune_fibrotic_adverse	35.948771564452755	True	0.21147646679561574	0.3065987373120049	immune_fibrotic_activation_score	0.017390168166395655	0.093128166415724	100	0.14072667317453352	0.25562856188236976	0.1485148514851485	0.029411764705882353	4.339635126645433	single-section within-human spatial support; not external validation	True	Database Ubiquitination; GO CC med conf; Half-life Data; High-Quality Pocket; Structure with Ligand; UniProt Ubiquitination; UniProt loc high conf	AB; PR; SM	0.06981861044809776	coronary artery disorder; myocardial infarction; acute myocardial infarction	False	0		0	CHEMBL6049	SINGLE PROTEIN	0	0	0	0	0	unavailable
ENSMUSG00000001435	Col18a1	ENSG00000182871	COL18A1	scar_repair_associated	37.59280026623878	True	0.5125725338491296	0.986469875826015	fibroblast_scar_repair_score	0.31599136719623006	0.2008650956754717	100	0.15557657191282392	0.3521316005609243	0.0297029702970297	0.2	12.49594820317738	single-section within-human spatial support; not external validation	True	Approved Drug; Database Ubiquitination; GO CC high conf; Half-life Data; UniProt SigP or TMHMM; UniProt loc high conf; UniProt loc med conf	AB; OC; PR	0.1511203194950129	hypertrophic cardiomyopathy; coronary artery disorder; congestive heart failure; myocardial infarction	False	0		2	CHEMBL2364188	PROTEIN COMPLEX GROUP	2	14	3	18	4.0	available
ENSMUSG00000001506	Col1a1	ENSG00000108821	COL1A1	scar_repair_associated	38.43757856171216	True	0.965183752417795	4.023580731456279	fibroblast_scar_repair_score	0.7929183358200005	0.5906255069591508	100	0.1187098890713495	0.24524608890483673	0.009900990099009901	0.38666666666666666	17.850843348253335	single-section within-human spatial support; not external validation	True	Approved Drug; Database Ubiquitination; GO CC high conf; Half-life Data; Structure with Ligand; UniProt SigP or TMHMM; UniProt loc med conf	AB; OC; PR; SM	0.0		False	1	bone density	2	CHEMBL3030	SINGLE PROTEIN	0	7	2	9	0.0	available
ENSMUSG00000029661	Col1a2	ENSG00000164692	COL1A2	scar_repair_associated	38.386077584488724	True	0.9677627337201805	3.981233158389497	fibroblast_scar_repair_score	0.7627940727210216	0.5960697299573432	100	0.11702517776994674	0.37134971218606305	0.009900990099009901	0.39072847682119205	17.702592250895666	single-section within-human spatial support; not external validation	True	Approved Drug; GO CC high conf; UniProt SigP or TMHMM; UniProt loc med conf	AB; OC	0.0		False	0		2	CHEMBL2685	SINGLE PROTEIN	0	8	2	10	0.0	available
ENSMUSG00000026043	Col3a1	ENSG00000168542	COL3A1	scar_repair_associated	38.30561679246617	True	0.9638942617666022	3.8042527548996374	fibroblast_scar_repair_score	0.7015781550179152	0.5494140978163601	100	0.14666097502481767	0.16974023150189907	0.009900990099009901	0.3	16.60946893010749	single-section within-human spatial support; not external validation	True	Approved Drug; Database Ubiquitination; GO CC high conf; UniProt SigP or TMHMM; UniProt loc med conf	AB; OC; PR	0.0		False	1	regulation of gene expression	2	CHEMBL2364188	PROTEIN COMPLEX GROUP	2	2	3	6	4.0	available
ENSMUSG00000026837	Col5a1	ENSG00000130635	COL5A1	scar_repair_associated	38.09648599864171	True	0.6228239845261122	1.3373924653105642	fibroblast_scar_repair_score	0.4483361737941337	0.19499415156921157	100	0.14475501816572153	0.24572420165473538	0.0297029702970297	0.28865979381443296	13.999295393280267	single-section within-human spatial support; not external validation	True	Approved Drug; Database Ubiquitination; GO CC high conf; UniProt SigP or TMHMM; UniProt loc med conf	AB; OC; PR	0.2010206006259119	cardiomyopathy	False	0		2	CHEMBL2364188	PROTEIN COMPLEX GROUP	2	2	3	6	4.0	available
ENSMUSG00000001119	Col6a1	ENSG00000142156	COL6A1	immune_fibrotic_adverse	37.35714096737006	True	0.7388781431334622	1.8566564410089765	immune_fibrotic_activation_score	0.4760552370198293	0.3632175775253337	100	0.17835300671470233	0.28924798096489457	0.009900990099009901	0.2	14.456331422118977	single-section within-human spatial support; not external validation	True	Approved Drug; Database Ubiquitination; GO CC high conf; Half-life Data; UniProt SigP or TMHMM; UniProt loc med conf	AB; OC; PR	0.0		False	0		2	CHEMBL2364188	PROTEIN COMPLEX GROUP	2	2	3	6	4.0	available
ENSMUSG00000020241	Col6a2	ENSG00000142173	COL6A2	immune_fibrotic_adverse	37.11388253125003	True	0.7633784655061251	1.9365251611961827	immune_fibrotic_activation_score	0.4678790457737207	0.33181000901671664	100	0.1282580410251915	0.2661785386694014	0.019801980198019802	0.23529411764705882	13.689627215818795	single-section within-human spatial support; not external validation	True	Approved Drug; Database Ubiquitination; GO CC high conf; UniProt SigP or TMHMM; UniProt loc high conf	AB; OC; PR	0.04137163840982103	coronary artery disorder	False	0		2	CHEMBL2364188	PROTEIN COMPLEX GROUP	2	2	3	6	4.0	available
ENSMUSG00000006356	Crip2	ENSG00000182809	CRIP2	mechanical_adverse	34.992932603418204	True	0.5531914893617021	1.1060032767691452	mechanical_border_score	0.26125657247652234	0.19880041059406497	100	0.23461614984272386	0.3748851532280413	0.07920792079207921	0.1744186046511628	9.962888272068437	single-section within-human spatial support; not external validation	True	Database Ubiquitination; Half-life Data; Human Protein Atlas loc	AB; PR	0.010348235931171651	myocardial infarction; heart failure; cardiomyopathy	False	0		0			0	0	0	0	0	unavailable
ENSMUSG00000032060	Cryab	ENSG00000109846	CRYAB	mechanical_adverse	36.75006911126382	True	0.8755641521598968	2.6669215516354234	mechanical_border_score	0.5136845584290634	0.3753887914176199	100	0.12240836184122679	0.19301023181444962	0.009900990099009901	0.2426470588235294	15.023283821162615	single-section within-human spatial support; not external validation	True	Database Ubiquitination; GO CC med conf; High-Quality Ligand; Human Protein Atlas loc; Small Molecule Binder; Structure with Ligand; UniProt loc high conf	AB; PR; SM	0.7165346262581909	dilated cardiomyopathy 1II; familial isolated dilated cardiomyopathy; cardiomyopathy, familial restrictive, 1; cardiomyopathy; hypertrophic cardiomyopathy; dilated cardiomyopathy; familial hypertrophic cardiomyopathy; Rare familial disorder with hypertrophic cardiomyopathy	False	0		0	CHEMBL3621022	SINGLE PROTEIN	0	0	0	0	0	unavailable
ENSMUSG00000014599	Csf1	ENSG00000184371	CSF1	immune_fibrotic_adverse	35.68213445869026	True	0.038039974210186976	0.059245787716112136	immune_fibrotic_activation_score	0.07365154270055442	0.020236260035629942	100	0.03791945265684025	0.05979844281831603	0.297029702970297	0.3333333333333333	4.630174891277472	single-section within-human spatial support; not external validation	True	Advanced Clinical; GO CC high conf; Human Protein Atlas loc; UniProt SigP or TMHMM; UniProt loc high conf; UniProt loc med conf	AB	0.0		False	1	regulation of gene expression	2	CHEMBL3989382	SINGLE PROTEIN	2	7	3	11	2.0	available
ENSMUSG00000030470	Csrp3	ENSG00000129170	CSRP3	mechanical_adverse	36.69185122056544	True	0.7176015473887815	1.7912238003534184	mechanical_border_score	0.49441288520700977	0.3244861792459322	100	0.17308669831276172	0.2846259717305712	0.019801980198019802	0.15178571428571427	13.180763025527773	single-section within-human spatial support; not external validation	True	Database Ubiquitination	PR	0.7622506507320639	dilated cardiomyopathy 1M; hypertrophic cardiomyopathy 12; hypertrophic cardiomyopathy; familial isolated dilated cardiomyopathy; cardiomyopathy; Rare familial disorder with hypertrophic cardiomyopathy; dilated cardiomyopathy; familial hypertrophic cardiomyopathy	False	0		0			0	0	0	0	0	unavailable
ENSMUSG00000054196	Cthrc1	ENSG00000164932	CTHRC1	scar_repair_associated	36.54058653315989	True	0.23017408123791103	0.3730975973244468	fibroblast_scar_repair_score	0.24526086642928166	0.03035102266027962	100	0.15648370988573826	0.25540031782155076	0.5841584158415841	0.25	7.47156519857569	single-section within-human spatial support; not external validation	True	GO CC med conf; UniProt SigP or TMHMM; UniProt loc med conf	AB	0.08893703887333997	myocardial infarction; infantile hypertrophic cardiomyopathy due to MRPL44 deficiency	False	0		0			0	0	0	0	0	unavailable
ENSMUSG00000061353	Cxcl12	ENSG00000107562	CXCL12	scar_repair_associated	37.58499380577856	True	0.3784655061250806	0.7307278476792333	fibroblast_scar_repair_score	0.2779643094577783	0.2610409631678308	100	0.15380636805406278	0.19641920409125155	0.009900990099009901	0.0847457627118644	12.345751958441584	single-section within-human spatial support; not external validation	True	Advanced Clinical; GO CC high conf; High-Quality Ligand; Small Molecule Binder; Structure with Ligand; UniProt SigP or TMHMM; UniProt loc med conf	AB; OC; PR; SM	0.4172058884378292	coronary artery disorder; myocardial infarction; coronary artery bypass	False	0		1	CHEMBL3286074	SINGLE PROTEIN	1	9	3	11	2.0	available
ENSMUSG00000020589	Fam49a	ENSG00000197872	CYRIA	immune_fibrotic_adverse	32.500018606556004	True	0.018052869116698903	0.027164628553265683	immune_fibrotic_activation_score	0.07386613259992408	0.0512490072681691	100	0.033729525736234646	0.041448340666024666	0.009900990099009901	0.3333333333333333	9.831978226934167	single-section within-human spatial support; not external validation	True	Database Ubiquitination	PR	0.0		False	0		0			0	0	0	0	0	unavailable
ENSMUSG00000019929	Dcn	ENSG00000011465	DCN	immune_fibrotic_adverse	36.76487280797725	True	0.8626692456479691	2.361621813321194	immune_fibrotic_activation_score	0.3812929768089505	0.35596253818521606	100	0.31278618333858466	0.667786287154921	0.0594059405940594	0.1417910447761194	10.422086219062658	single-section within-human spatial support; not external validation	True	Database Ubiquitination; GO CC high conf; Half-life Data; UniProt SigP or TMHMM; UniProt loc high conf; UniProt loc med conf	AB; PR	0.0		False	0		0			0	3	1	3	0.0	available
ENSMUSG00000026208	Des	ENSG00000175084	DES	mechanical_adverse	37.64552808154198	True	0.9084461637653127	2.8861689681752996	mechanical_border_score	0.48571597347319445	0.2800508630254547	100	0.19332080887669287	0.2724289536091839	0.019801980198019802	0.16312056737588654	13.219260379846258	single-section within-human spatial support; not external validation	True	Database Ubiquitination; GO CC high conf; UniProt Ubiquitination; UniProt loc high conf	AB; PR	0.7982957838256932	dilated cardiomyopathy 1I; familial isolated dilated cardiomyopathy; dilated cardiomyopathy; cardiomyopathy; arrhythmogenic right ventricular cardiomyopathy; familial dilated cardiomyopathy; familial hypertrophic cardiomyopathy; hypertrophic cardiomyopathy	False	0		0			0	2	1	2	0.0	available
ENSMUSG00000009640	Dmap1	ENSG00000178028	DMAP1	immune_fibrotic_adverse	33.27431220026157	True	0.05609284332688588	0.07866353146963649	immune_fibrotic_activation_score	0.08011921407046069	0.043676357917480514	100	0.04216442536548541	0.05995752812813428	0.0594059405940594	0.1111111111111111	6.613317906387088	single-section within-human spatial support; not external validation	True	Database Ubiquitination; Half-life Data; Structure with Ligand; UniProt Ubiquitination	PR; SM	0.0051741179655858255	coronary artery disorder	True	0		0	CHEMBL5724908	SINGLE PROTEIN	0	0	0	0	0	unavailable
ENSMUSG00000018707	Dync1h1	ENSG00000197102	DYNC1H1	immune_fibrotic_adverse	34.92318662951692	True	0.24822695035460993	0.3921456485766713	immune_fibrotic_activation_score	0.09383130754792107	0.01159638877452406	100	0.17534918171377284	0.2803593666138464	0.7425742574257426	0.1	5.362987845287527	single-section within-human spatial support; not external validation	True	Database Ubiquitination; GO CC high conf; Half-life Data; Structure with Ligand	AB; PR; SM	0.0		True	0		0	CHEMBL5724913	SINGLE PROTEIN	0	0	0	0	0	unavailable
ENSMUSG00000037742	Eef1a1	ENSG00000156508	EEF1A1	scar_repair_associated	38.10046553330683	True	0.9632495164410058	3.381480715831449	fibroblast_scar_repair_score	0.5031853841949961	0.43217540519748443	100	0.18206579326761538	0.2631803934176544	0.009900990099009901	0.10666666666666667	13.87244563850331	single-section within-human spatial support; not external validation	True	Database Ubiquitination; GO CC high conf; Half-life Data; Small Molecule Binder; Structure with Ligand; UniProt Ubiquitination; UniProt loc high conf	AB; PR; SM	0.5438743741357712	mitochondrial hypertrophic cardiomyopathy with lactic acidosis due to MTO1 deficiency; coronary artery disorder; heart failure; myocardial infarction	True	0		0	CHEMBL1795120	SINGLE PROTEIN	0	2	1	2	0.0	available
ENSMUSG00000055839	Elob	ENSG00000103363	ELOB	immune_fibrotic_adverse	35.013920989460004	True	0.6041263700838169	1.1972112865565068	immune_fibrotic_activation_score	0.1444869302242191	0.06808233949324959	100	0.18973048658683234	0.48036886538754153	0.1782178217821782	0.05319148936170213	5.292453496238932	single-section within-human spatial support; not external validation	True	Database Ubiquitination; High-Quality Ligand; Small Molecule Binder; Structure with Ligand	PR; SM	0.0029566388374776143	congestive heart failure	True	0		0	CHEMBL3259468	SINGLE PROTEIN	0	0	0	0	0	unavailable
ENSMUSG00000030208	Emp1	ENSG00000134531	EMP1	immune_fibrotic_adverse	36.75728514517308	True	0.27014829142488717	0.4379183783898772	immune_fibrotic_activation_score	0.18973463269336557	0.04929742201911851	100	0.1388123085189798	0.2718624472125232	0.25742574257425743	0.21428571428571427	6.852693510445908	single-section within-human spatial support; not external validation	True	GO CC high conf; UniProt SigP or TMHMM	AB	0.0		False	0		0			0	1	1	1	0.0	available
ENSMUSG00000026814	Eng	ENSG00000106991	ENG	immune_fibrotic_adverse	34.80176886679815	True	0.4577691811734365	0.8567911160083258	immune_fibrotic_activation_score	0.2518215488202185	0.1441441949842378	100	0.17062783740159973	0.37626939963993017	0.07920792079207921	0.15492957746478872	9.750365912639621	single-section within-human spatial support; not external validation	True	Advanced Clinical; GO CC high conf; Half-life Data; Human Protein Atlas loc; UniProt SigP or TMHMM; UniProt loc high conf	AB; PR	0.07405782558601783	heart failure	False	0		1	CHEMBL3712885	SINGLE PROTEIN	1	4	3	6	3.0	available
ENSMUSG00000006369	Fbln1	ENSG00000077942	FBLN1	scar_repair_associated	37.87291719664806	True	0.4655061250805932	0.961307527076441	fibroblast_scar_repair_score	0.33800463953488363	0.3752560004425765	100	0.10778887243085185	0.49925837426557357	0.039603960396039604	0.2465753424657534	13.000630576935329	single-section within-human spatial support; not external validation	True	Database Ubiquitination; GO CC high conf; UniProt SigP or TMHMM; UniProt loc med conf	AB; PR	0.11701160750509873	hypertrophic cardiomyopathy; Rare familial disorder with hypertrophic cardiomyopathy	False	0		0			0	0	0	0	0	unavailable
ENSMUSG00000064080	Fbln2	ENSG00000163520	FBLN2	scar_repair_associated	37.76392910916151	True	0.5138620245003224	1.0596515624839569	fibroblast_scar_repair_score	0.3702671103878079	0.3360905056316959	100	0.23810020311004326	0.6179958807418752	0.039603960396039604	0.2125	12.921602662326848	single-section within-human spatial support; not external validation	True	GO CC high conf; Human Protein Atlas loc; UniProt SigP or TMHMM; UniProt loc med conf	AB	0.18274750585296726	heart failure	False	0		0			0	0	0	0	0	unavailable
ENSMUSG00000068699	Flnc	ENSG00000128591	FLNC	mechanical_adverse	36.34879388844653	True	0.5519019987105094	1.1042244731726076	mechanical_border_score	0.5086990283444237	0.15727711170287972	100	0.2000893526688678	0.40015689052608844	0.0891089108910891	0.20930232558139536	11.726612774717704	single-section within-human spatial support; not external validation	True	Database Ubiquitination; GO CC high conf; Half-life Data; Structure with Ligand; UniProt Ubiquitination; UniProt loc high conf	AB; PR; SM	0.8329078199602404	hypertrophic cardiomyopathy 26; dilated cardiomyopathy; familial restrictive cardiomyopathy; familial isolated restrictive cardiomyopathy; cardiomyopathy; familial dilated cardiomyopathy; autosomal dominant dilated cardiomyopathy; restrictive cardiomyopathy	False	0		0			0	0	0	0	0	unavailable
ENSMUSG00000026193	Fn1	ENSG00000115414	FN1	scar_repair_associated	38.42100883309308	True	0.9284332688588007	3.131561295162636	fibroblast_scar_repair_score	0.7149734111224488	0.3599256173350519	100	0.14963732895904353	0.40532542481135947	0.0297029702970297	0.4236111111111111	16.67872935562358	single-section within-human spatial support; not external validation	True	Advanced Clinical; Approved Drug; Database Ubiquitination; GO CC high conf; Half-life Data; Med-Quality Pocket; Small Molecule Binder; Structure with Ligand; UniProt SigP or TMHMM; UniProt loc high conf; UniProt loc med conf	AB; OC; PR; SM	0.5845380190157888	coronary artery disorder; hypertrophic cardiomyopathy; myocardial infarction; coronary artery bypass	False	0		5	CHEMBL3810	SINGLE PROTEIN	7	11	3	23	4.0	available
ENSMUSG00000022816	Fstl1	ENSG00000163430	FSTL1	scar_repair_associated	37.508004569500194	True	0.7343649258542876	1.6816145981051214	fibroblast_scar_repair_score	0.4683519001127921	0.25004905525024057	100	0.2105614812885689	0.39661655477723934	0.04950495049504951	0.24561403508771928	13.775023681378507	single-section within-human spatial support; not external validation	True	Database Ubiquitination; GO CC high conf; Half-life Data; UniProt SigP or TMHMM; UniProt loc high conf	AB; PR	0.07919538758505096	myocardial infarction	False	0		0			0	0	0	0	0	unavailable
ENSMUSG00000032766	Gng11	ENSG00000127920	GNG11	immune_fibrotic_adverse	33.7889901713773	True	0.4016763378465506	0.7140282224543314	immune_fibrotic_activation_score	0.20849615552806594	0.11097008880200783	100	0.1709862775515837	0.22190400846681885	0.1782178217821782	0.14285714285714285	6.393834076025538	single-section within-human spatial support; not external validation	True	Database Ubiquitination; GO CC high conf; UniProt loc high conf	AB; PR	0.0036957985468470188	hypertrophic cardiomyopathy	False	0		0			0	0	0	0	0	unavailable
ENSMUSG00000004951	Hspb1	ENSG00000106211	HSPB1	mechanical_adverse	36.554304508452994	True	0.7014829142488717	1.6450581789268954	mechanical_border_score	0.22191542777718964	0.1492306049548636	100	0.1502814646530438	0.2352760619920636	0.06930693069306931	0.14545454545454545	9.4951289302995	single-section within-human spatial support; not external validation	True	Database Ubiquitination; Druggable Family; GO CC med conf; Half-life Data; High-Quality Ligand; Human Protein Atlas loc; Small Molecule Binder	AB; PR; SM	0.0896255837258972	coronary artery disorder; myocardial infarction; familial dilated cardiomyopathy	False	0		2	CHEMBL5976	SINGLE PROTEIN	0	36	2	38	0.0	available
ENSMUSG00000006221	Hspb7	ENSG00000173641	HSPB7	mechanical_adverse	36.68943150639182	True	0.6479690522243714	1.4749712037950142	mechanical_border_score	0.43279638131161996	0.23463156191049186	100	0.23343945593116203	0.3504983440516792	0.0594059405940594	0.13861386138613863	10.705689178958828	single-section within-human spatial support; not external validation	True			0.4642797427193124	hypertrophic cardiomyopathy; cardiomyopathy; heart failure; systolic heart failure; dilated cardiomyopathy; congestive heart failure; nonischemic cardiomyopathy; familial isolated dilated cardiomyopathy	False	0		0			0	0	0	0	0	unavailable
ENSMUSG00000020427	Igfbp3	ENSG00000146674	IGFBP3	immune_fibrotic_adverse	32.63227153147795	True	0.4300451321727917	0.8397780941967109	immune_fibrotic_activation_score	0.27092298675952686	0.14313217390122002	100	0.1980842942274799	0.38999788058706436	0.0891089108910891	0.13432835820895522	9.700164786228802	single-section within-human spatial support; not external validation	True	Druggable Family; GO CC high conf; Half-life Data; Small Molecule Binder; UniProt SigP or TMHMM; UniProt loc high conf	AB; PR; SM	0.07553143528008842	hypertrophic cardiomyopathy; Rare familial disorder with hypertrophic cardiomyopathy; familial isolated dilated cardiomyopathy	False	0		0	CHEMBL3997	SINGLE PROTEIN	0	2	1	2	0.0	available
ENSMUSG00000017493	Igfbp4	ENSG00000141753	IGFBP4	scar_repair_associated	38.61181952565766	True	0.48226950354609927	0.9704494187406387	fibroblast_scar_repair_score	0.2644007533978397	0.32304781704573843	100	0.28050143420991824	0.3535914152445097	0.0297029702970297	0.06666666666666667	11.119737853720371	single-section within-human spatial support; not external validation	True	Database Ubiquitination; Druggable Family; GO CC high conf; Small Molecule Binder; UniProt SigP or TMHMM; UniProt loc med conf	AB; PR; SM	0.04040948314136266	coronary artery disorder; myocardial infarction; heart failure	False	0		0	CHEMBL2310	SINGLE PROTEIN	0	1	1	1	0.0	available
ENSMUSG00000036256	Igfbp7	ENSG00000163453	IGFBP7	immune_fibrotic_adverse	37.830678240975146	True	0.9277885235332044	3.1525956651545926	immune_fibrotic_activation_score	0.5288435291189411	0.40843181858573785	100	0.2732983281515294	0.34311278778067633	0.019801980198019802	0.20689655172413793	13.82823358850675	single-section within-human spatial support; not external validation	True	Database Ubiquitination; GO CC high conf; UniProt SigP or TMHMM; UniProt loc med conf	AB; PR	0.23391127533739559	hypertrophic cardiomyopathy; heart failure	False	0		0			0	0	0	0	0	unavailable
ENSMUSG00000027398	Il1b	ENSG00000125538	IL1B	immune_fibrotic_adverse	31.410083711419297	True	0.0012894906511927789	0.002081564883056786	immune_fibrotic_activation_score	0.09332605973750455	-0.0010575158985320194	96	-0.0004530408255987228	-0.00045304082559868093	0.7319587628865979	0.0	0.6115359844727385	single-section within-human spatial support; not external validation	True	Approved Drug; GO CC high conf; High-Quality Ligand; Small Molecule Binder; Structure with Ligand; UniProt loc high conf; UniProt loc med conf	AB; OC; PR; SM	0.12954751242989038	coronary artery disorder	False	3	drug toxicities; peptic ulcer; weight gain	5	CHEMBL1909490	SINGLE PROTEIN	5	51	3	61	4.0	available
ENSMUSG00000042284	Itga1	ENSG00000213949	ITGA1	immune_fibrotic_adverse	32.96101071902872	True	0.18633139909735655	0.2863468261096966	immune_fibrotic_activation_score	0.13270921654689746	0.04422943961483657	100	0.15211930483615052	0.4702111366359619	0.32673267326732675	0.2413793103448276	6.727289782040006	single-section within-human spatial support; not external validation	True	Database Ubiquitination; GO CC high conf; Half-life Data; High-Quality Ligand; Small Molecule Binder; UniProt SigP or TMHMM	AB; PR; SM	0.39377169793626043	coronary artery disorder	False	0		0	CHEMBL3682	SINGLE PROTEIN	0	1	1	1	0.0	available
ENSMUSG00000025809	Itgb1	ENSG00000150093	ITGB1	immune_fibrotic_adverse	36.93772440390659	True	0.6350741457124436	1.271755722687246	immune_fibrotic_activation_score	0.16223049572087583	0.07127050926257426	100	0.1448419432109867	0.23167999305848896	0.19801980198019803	0.12121212121212122	5.943079944022225	single-section within-human spatial support; not external validation	True	Advanced Clinical; Database Ubiquitination; Druggable Family; GO CC high conf; Half-life Data; High-Quality Ligand; Human Protein Atlas loc; Small Molecule Binder; Structure with Ligand; UniProt SigP or TMHMM; UniProt Ubiquitination; UniProt loc high conf; UniProt loc med conf	AB; OC; PR; SM	0.0		False	0		6	CHEMBL1905	SINGLE PROTEIN	0	17	2	23	0.0	available
ENSMUSG00000021798	Ldb3	ENSG00000122367	LDB3	mechanical_adverse	34.222869361419846	True	0.41005802707930367	0.7458136831329565	mechanical_border_score	0.379800383176408	0.18408583476794782	100	0.1512238965748088	0.30522793244333485	0.04950495049504951	0.171875	12.653802299058448	single-section within-human spatial support; not external validation	True	Database Ubiquitination; Structure with Ligand	PR; SM	0.7348219134480087	hypertrophic cardiomyopathy; cardiomyopathy, dilated, 2l; dilated cardiomyopathy; Rare familial disorder with hypertrophic cardiomyopathy; familial isolated dilated cardiomyopathy; cardiomyopathy; familial hypertrophic cardiomyopathy; familial dilated cardiomyopathy	False	0		0			0	0	0	0	0	unavailable
ENSMUSG00000024529	Lox	ENSG00000113083	LOX	scar_repair_associated	38.07302453560941	True	0.22179239200515796	0.38406596253202974	fibroblast_scar_repair_score	0.35990303110366584	0.04853151914904235	100	0.22245422173680715	0.3362070226044208	0.38613861386138615	0.2571428571428571	8.216561043764852	single-section within-human spatial support; not external validation	True	GO CC high conf; High-Quality Ligand; Small Molecule Binder; UniProt SigP or TMHMM; UniProt loc high conf; UniProt loc med conf	AB; PR; SM	0.2791055176343271	coronary artery disorder; cardiomyopathy; familial isolated restrictive cardiomyopathy; familial isolated dilated cardiomyopathy	False	0		0	CHEMBL2249	SINGLE PROTEIN	0	2	1	2	0.0	available
ENSMUSG00000034205	Loxl2	ENSG00000134013	LOXL2	immune_fibrotic_adverse	34.71505115627345	True	0.24758220502901354	0.3834908102651528	immune_fibrotic_activation_score	0.16117144653963497	0.08159484869220501	100	0.14238091823245239	0.27112772606313745	0.16831683168316833	0.20512820512820512	6.6080543202634505	single-section within-human spatial support; not external validation	True	Advanced Clinical; Database Ubiquitination; GO CC med conf; High-Quality Ligand; Small Molecule Binder; UniProt SigP or TMHMM; UniProt loc high conf	AB; PR; SM	0.07391597093694036	coronary artery disorder; heart failure; arrhythmogenic cardiomyopathy with variable ectodermal abnormalities	False	0		2	CHEMBL3714029	SINGLE PROTEIN	2	6	3	10	2.0	available
ENSMUSG00000022587	Ly6e	ENSG00000160932	LY6E	immune_fibrotic_adverse	35.32799135935423	True	0.19342359767891681	0.31461723586594503	immune_fibrotic_activation_score	0.18869155789368897	0.08848436465432716	100	0.15068349005734957	0.3760007615465638	0.10891089108910891	0.16666666666666666	6.465482680695467	single-section within-human spatial support; not external validation	True	GO CC high conf; Phase 1 Clinical; UniProt SigP or TMHMM; UniProt loc med conf	AB; OC	0.07340510727851937	familial isolated dilated cardiomyopathy; Rare familial disorder with hypertrophic cardiomyopathy; hypertrophic cardiomyopathy; familial isolated restrictive cardiomyopathy; dilated cardiomyopathy; hypertrophic cardiomyopathy 7; dilated cardiomyopathy 1AA; cardiomyopathy, familial hypertrophic, 28	False	0		1	CHEMBL4523584	SINGLE PROTEIN	1	1	3	3	1.0	available
ENSMUSG00000018893	Mb	ENSG00000198125	MB	mechanical_adverse	33.77651474837653	True	0.9303675048355899	3.2167365683647287	mechanical_border_score	0.568094694163892	0.3963569955452191	100	0.17562098090465866	0.27000794897368663	0.019801980198019802	0.2	14.008568164983352	single-section within-human spatial support; not external validation	True	High-Quality Ligand; Small Molecule Binder; Structure with Ligand	PR; SM	0.07443944986190769	hypertrophic cardiomyopathy; familial isolated dilated cardiomyopathy; Rare familial disorder with hypertrophic cardiomyopathy; dilated cardiomyopathy; Familial dilated cardiomyopathy with conduction defect due to LMNA mutation; dilated cardiomyopathy 1A; dilated cardiomyopathy 1V; hypertrophic cardiomyopathy 11	False	0		0			0	0	0	0	0	unavailable
ENSMUSG00000064363	mt-Nd4	ENSG00000198886	MT-ND4	mechanical_adverse	33.74725470251237	True	0.9974210186976145	5.385040501084471	mechanical_border_score	0.6096764720402748	0.6552592230211681	100	0.21407704264983987	0.41724080053835444	0.009900990099009901	0.0967741935483871	14.432252380628745	single-section within-human spatial support; not external validation	True	Approved Drug; Druggable Family; Small Molecule Binder; Structure with Ligand; UniProt SigP or TMHMM	AB; PR; SM	0.42926700121628114	dilated cardiomyopathy; heart failure; familial hypertrophic cardiomyopathy; coronary artery disorder		0		3	CHEMBL4499	SINGLE PROTEIN	0	3	2	6	0.0	available
ENSMUSG00000064367	mt-Nd5	ENSG00000198786	MT-ND5	mechanical_adverse	33.84099040956678	True	0.9413281753707285	3.4218779908743127	mechanical_border_score	0.5044727631904026	0.5182052002088379	100	0.16466946251005513	0.30398364418649704	0.009900990099009901	0.0547945205479452	13.465192743525977	single-section within-human spatial support; not external validation	True	Approved Drug; Structure with Ligand; UniProt SigP or TMHMM	AB; SM	0.3456639611178746	heart failure; familial hypertrophic cardiomyopathy; dilated cardiomyopathy; coronary artery disorder		0		3			0	3	2	6	0.0	available
ENSMUSG00000002100	Mybpc3	ENSG00000134571	MYBPC3	mechanical_adverse	36.26427856240813	True	0.5725338491295938	1.2146100673115208	mechanical_border_score	0.4336299650497025	0.24410311279614297	100	0.12794788099249257	0.31464052889120636	0.0297029702970297	0.21348314606741572	13.309644958837541	single-section within-human spatial support; not external validation	True	UniProt Ubiquitination	PR	0.8467250620500452	hypertrophic cardiomyopathy; hypertrophic cardiomyopathy 4; cardiomyopathy; cardiomyopathy, dilated, 1MM; Rare familial disorder with hypertrophic cardiomyopathy; familial isolated dilated cardiomyopathy; dilated cardiomyopathy; familial hypertrophic cardiomyopathy	False	0		0			0	1	1	1	0.0	available
ENSMUSG00000053093	Myh7	ENSG00000092054	MYH7	mechanical_adverse	37.141655837024786	True	0.9658284977433914	3.583249082573503	mechanical_border_score	0.5637126784844102	0.3889035614623338	100	0.1738562315011929	0.3653007316408757	0.019801980198019802	0.29333333333333333	14.728942737573128	single-section within-human spatial support; not external validation	True	Approved Drug; Database Ubiquitination; Structure with Ligand	PR; SM	0.8917794032712139	hypertrophic cardiomyopathy; hypertrophic cardiomyopathy 1; cardiomyopathy; dilated cardiomyopathy; familial isolated dilated cardiomyopathy; Rare familial disorder with hypertrophic cardiomyopathy; familial hypertrophic cardiomyopathy; Left ventricular noncompaction cardiomyopathy	False	0		3	CHEMBL3831286	PROTEIN COMPLEX	3	3	3	9	4.0	available
ENSMUSG00000090841	Myl6	ENSG00000092841	MYL6	scar_repair_associated	37.519953341715635	True	0.8168923275306254	2.0967587014257343	fibroblast_scar_repair_score	0.39175835170921114	0.21932009804439265	100	0.09742947560850196	0.20501430607868396	0.019801980198019802	0.18110236220472442	12.799369007893063	single-section within-human spatial support; not external validation	True	Database Ubiquitination; Half-life Data	PR	0.008869916512432843	familial dilated cardiomyopathy; myocardial infarction; acute myocardial infarction; heart failure	False	0		0	CHEMBL6066273	SINGLE PROTEIN	0	0	0	0	0	unavailable
ENSMUSG00000028116	Myoz2	ENSG00000172399	MYOZ2	mechanical_adverse	33.77845174270693	True	0.5493230174081238	1.139182800419587	mechanical_border_score	0.3948100700090718	0.24022978337307596	100	0.21650528582142847	0.3322457968407259	0.039603960396039604	0.046511627906976744	11.740953443310246	single-section within-human spatial support; not external validation	True			0.5832989962512767	hypertrophic cardiomyopathy; cardiomyopathy; familial hypertrophic cardiomyopathy; coronary artery disorder; familial isolated dilated cardiomyopathy; Rare familial disorder with hypertrophic cardiomyopathy; familial isolated restrictive cardiomyopathy; dilated cardiomyopathy	False	0		0			0	0	0	0	0	unavailable
ENSMUSG00000013465	Nelfb	ENSG00000188986	NELFB	immune_fibrotic_adverse	32.772981709053944	True	0.06640876853642812	0.09990702083702174	immune_fibrotic_activation_score	0.08137616175186481	0.04154240886419823	100	0.035891190014267764	0.04884852746165171	0.04950495049504951	0.18181818181818182	9.599153166513767	single-section within-human spatial support; not external validation	True	Database Ubiquitination; Half-life Data; Structure with Ligand	PR; SM	0.0025870589827929123	cardiomyopathy	True	0		0			0	0	0	0	0	unavailable
ENSMUSG00000041616	Nppa	ENSG00000175206	NPPA	mechanical_adverse	38.80541503902978	True	0.9961315280464217	4.693262399632448	mechanical_border_score	0.7740223088148209	0.6164951032333927	100	0.16084532522058176	0.2900384820861383	0.009900990099009901	0.3096774193548387	17.121553207727636	single-section within-human spatial support; not external validation	True	Druggable Family; GO CC high conf; Small Molecule Binder; UniProt SigP or TMHMM; UniProt loc high conf; UniProt loc med conf	AB; PR; SM	0.16104292436227638	coronary artery disorder; congestive heart failure; familial dilated cardiomyopathy; hypertrophic cardiomyopathy; myocardial infarction; acute myocardial infarction; Rare familial disorder with hypertrophic cardiomyopathy; familial isolated dilated cardiomyopathy	False	0		0	CHEMBL1293193	SINGLE PROTEIN	0	4	1	4	0.0	available
ENSMUSG00000030551	Nr2f2	ENSG00000185551	NR2F2	immune_fibrotic_adverse	33.6508020525784	True	0.1450676982591876	0.23945379824132826	immune_fibrotic_activation_score	0.12821723595700962	0.06468263515993301	100	0.2268146881334582	0.4126592222182379	0.1782178217821782	0.17391304347826086	6.160607763568144	single-section within-human spatial support; not external validation	True	Database Ubiquitination; Druggable Family; Small Molecule Binder	PR; SM	0.23575273567230748	cardiomyopathy	False	4	Decreased fertility in the adult, Decreased sperm quantity and/or quality in the adult testis; Decreased sperm quantity / quality in the adult, Decreased fertility	0	CHEMBL1961790	SINGLE PROTEIN	0	6	1	6	0.0	available
ENSMUSG00000029148	Nrbp1	ENSG00000115216	NRBP1	immune_fibrotic_adverse	34.820767800850454	True	0.17150225660863957	0.2568696014984214	immune_fibrotic_activation_score	0.13238544978407385	0.04037561504054394	100	0.12845863373208874	0.2348737351604781	0.3564356435643564	0.07407407407407407	5.386905291297036	single-section within-human spatial support; not external validation	True	Database Ubiquitination; Druggable Family; Half-life Data	PR; SM	0.0		True	0		0			0	0	0	0	0	unavailable
ENSMUSG00000027750	Postn	ENSG00000133110	POSTN	mechanical_adverse	29.198280858968932	True	0.7749838813668601	2.0898265672102747	mechanical_border_score	0.3465403417097648	0.3477422029041798	100	0.21018571834866126	0.4301479370625622	0.039603960396039604	0.06557377049180328	11.603832214193016	single-section within-human spatial support; not external validation	True	GO CC high conf; Structure with Ligand; UniProt SigP or TMHMM; UniProt loc high conf	AB; SM	0.10307952468636566	coronary artery disorder; myocardial infarction; familial dilated cardiomyopathy	False	0		0			0	1	1	1	0.0	available
ENSMUSG00000004207	Psap	ENSG00000197746	PSAP	scar_repair_associated	38.39131070917246	True	0.7969052224371374	1.9946238058590808	fibroblast_scar_repair_score	0.31008496267738733	0.2525213452401808	100	0.15861208231875823	0.24176838619704275	0.019801980198019802	0.10483870967741936	11.699219453483678	single-section within-human spatial support; not external validation	True	Database Ubiquitination; GO CC high conf; Half-life Data; High-Quality Pocket; Small Molecule Binder; Structure with Ligand; UniProt SigP or TMHMM; UniProt loc med conf	AB; PR; SM	0.0		False	0		0	CHEMBL3580523	SINGLE PROTEIN	0	0	0	0	0	unavailable
ENSMUSG00000000740	Rpl13	ENSG00000167526	RPL13	scar_repair_associated	37.65958605429243	True	0.9393939393939394	2.9898918128499665	fibroblast_scar_repair_score	0.3933874294533236	0.3136231516699083	100	0.2616540484503711	0.5417062689323805	0.04950495049504951	0.0958904109589041	12.127447864391174	single-section within-human spatial support; not external validation	True	Advanced Clinical; Approved Drug; Database Ubiquitination; Half-life Data; High-Quality Ligand; Small Molecule Binder; Structure with Ligand; UniProt Ubiquitination	OC; PR; SM	0.0035110086195046675	coronary artery disorder	True	0		5	CHEMBL6066931	SINGLE PROTEIN	0	11	2	16	0.0	available
ENSMUSG00000074129	Rpl13a	ENSG00000142541	RPL13A	scar_repair_associated	37.7420342590863	True	0.9335912314635719	2.796131101536147	fibroblast_scar_repair_score	0.3935477807212359	0.27275036508337774	100	0.19622893997444343	0.2860100702965747	0.039603960396039604	0.08275862068965517	12.023355649844657	single-section within-human spatial support; not external validation	True	Advanced Clinical; Approved Drug; Database Ubiquitination; Half-life Data; High-Quality Ligand; Small Molecule Binder; Structure with Ligand	OC; PR; SM	0.00406537840153172	myocardial infarction	True	0		5	CHEMBL6066905	SINGLE PROTEIN	0	9	2	14	0.0	available
ENSMUSG00000061983	Rps12	ENSG00000112306	RPS12	scar_repair_associated	37.88715533242373	True	0.9194068343004513	2.8090096735708907	fibroblast_scar_repair_score	0.39767978547614263	0.28386536924971745	100	0.18274583791880689	0.37712904448160817	0.039603960396039604	0.11888111888111888	12.337127663905807	single-section within-human spatial support; not external validation	True	Advanced Clinical; Approved Drug; Database Ubiquitination; Half-life Data; High-Quality Ligand; Small Molecule Binder; Structure with Ligand	OC; PR; SM	0.0		True	0		5	CHEMBL6066936	SINGLE PROTEIN	0	9	2	14	0.0	available
ENSMUSG00000040952	Rps19	ENSG00000105372	RPS19	scar_repair_associated	37.57389850068292	True	0.8704061895551257	2.375371080196804	fibroblast_scar_repair_score	0.3594744353842829	0.22139040890503517	100	0.16786957181067874	0.3253499332832576	0.039603960396039604	0.13333333333333333	12.223513278972364	single-section within-human spatial support; not external validation	True	Advanced Clinical; Approved Drug; Database Ubiquitination; Half-life Data; High-Quality Ligand; Small Molecule Binder; Structure with Ligand	OC; PR; SM	0.04957775462497955	coronary artery bypass	True	0		5	CHEMBL6066908	SINGLE PROTEIN	0	16	2	21	0.0	available
ENSMUSG00000001833	Sept7	ENSG00000122545	SEPTIN7	immune_fibrotic_adverse	33.680231888547844	True	0.30947775628626695	0.5085258657785423	immune_fibrotic_activation_score	0.14195680777723846	0.029277394927409578	100	0.1799723191536558	0.3323809445411731	0.45544554455445546	0.14583333333333334	6.018407513330097	single-section within-human spatial support; not external validation	True	Database Ubiquitination; High-Quality Pocket; Structure with Ligand	PR; SM	0.019365983154075388	coronary artery disorder; heart failure; cardiomyopathy	False	0		0	CHEMBL6067068	SINGLE PROTEIN	0	0	0	0	0	unavailable
ENSMUSG00000030096	Slc6a6	ENSG00000131389	SLC6A6	immune_fibrotic_adverse	34.809477934037815	True	0.11347517730496454	0.1631246416471483	immune_fibrotic_activation_score	0.02143706124680192	0.01792261048614845	100	0.16246332956653448	0.22380230133977363	0.6237623762376238	0.2222222222222222	5.906400145258589	single-section within-human spatial support; not external validation	True	Database Ubiquitination; Druggable Family; GO CC high conf; Half-life Data; Small Molecule Binder; Structure with Ligand; UniProt SigP or TMHMM; UniProt loc high conf	AB; PR; SM	0.4447382683977087	hypotaurinemic retinal degeneration and cardiomyopathy; cardiomyopathy; familial isolated dilated cardiomyopathy; Rare familial disorder with hypertrophic cardiomyopathy; hypertrophic cardiomyopathy; Familial dilated cardiomyopathy with conduction defect due to LMNA mutation; dilated cardiomyopathy; familial isolated restrictive cardiomyopathy	False	0		0	CHEMBL5762	SINGLE PROTEIN	0	0	0	0	0	unavailable
ENSMUSG00000041476	Smpx	ENSG00000091482	SMPX	mechanical_adverse	36.29998001828528	True	0.40038684719535783	0.7241694730307315	mechanical_border_score	0.31891168325233077	0.15599469813364714	100	0.13667249978876955	0.22899973328019618	0.0594059405940594	0.07936507936507936	9.54839073443462	single-section within-human spatial support; not external validation	True	Human Protein Atlas loc	AB	0.0710990241554304	Sensorineural deafness with dilated cardiomyopathy	False	0		0			0	0	0	0	0	unavailable
ENSMUSG00000019804	Snx3	ENSG00000112335	SNX3	immune_fibrotic_adverse	34.89219551682361	True	0.3359123146357189	0.5493501950543825	immune_fibrotic_activation_score	0.07216315442920332	0.0453440375255258	100	0.20234839074452274	0.3444543954087634	0.31683168316831684	0.09433962264150944	5.187695907707295	single-section within-human spatial support; not external validation	True	Database Ubiquitination; Half-life Data; Structure with Ligand; UniProt Ubiquitination	PR; SM	0.07428555079162505	cardiomyopathy	False	0		0	CHEMBL5465275	SINGLE PROTEIN	0	0	0	0	0	unavailable
ENSMUSG00000031626	Sorbs2	ENSG00000154556	SORBS2	mechanical_adverse	36.01349892974574	True	0.4506769825918762	0.8154375184842911	mechanical_border_score	0.35712388418462576	0.1823532699096809	100	0.25015037746741187	0.3773428358122348	0.0891089108910891	0.1	9.942743305107754	single-section within-human spatial support; not external validation	True	GO CC med conf; Half-life Data; UniProt Ubiquitination; UniProt loc high conf	AB; PR	0.29997759025035936	coronary artery disorder; familial isolated dilated cardiomyopathy; hypertrophic cardiomyopathy; Rare familial disorder with hypertrophic cardiomyopathy; cardiomyopathy, dilated, 2K; cardiomyopathy, dilated, 2F; Tako-tsubo cardiomyopathy; coronary artery disease, autosomal dominant 2	False	0		0			0	0	0	0	0	unavailable
ENSMUSG00000018593	Sparc	ENSG00000113140	SPARC	scar_repair_associated	38.24742147071093	True	0.968407479045777	3.8169145101802284	fibroblast_scar_repair_score	0.6939364852412764	0.5465993781436317	100	0.16483395303630607	0.2807698933226576	0.009900990099009901	0.39072847682119205	17.289446726017196	single-section within-human spatial support; not external validation	True	Database Ubiquitination; GO CC high conf; Half-life Data; Med-Quality Pocket; UniProt SigP or TMHMM; UniProt loc high conf	AB; PR; SM	0.08527828095397474	myocardial infarction	False	0		0			0	1	1	1	0.0	available
ENSMUSG00000020272	Stk10	ENSG00000072786	STK10	immune_fibrotic_adverse	33.7289289245147	True	0.04384268214055448	0.05852664487432283	immune_fibrotic_activation_score	0.11633367442887226	0.05132894764415646	100	0.03719130472962324	0.05027081714967543	0.019801980198019802	0.0	7.451709332195413	single-section within-human spatial support; not external validation	True	Database Ubiquitination; Druggable Family; GO CC high conf; Half-life Data; High-Quality Ligand; Human Protein Atlas loc; Literature; Small Molecule Binder; Structure with Ligand; UniProt loc high conf	AB; PR; SM	0.0		False	0		0	CHEMBL3981	SINGLE PROTEIN	0	3	1	3	0.0	available
ENSMUSG00000002603	Tgfb1	ENSG00000105329	TGFB1	immune_fibrotic_adverse	35.12623295523657	True	0.09993552546744036	0.13855113853282286	immune_fibrotic_activation_score	0.2178468512559507	0.05888086061087031	100	0.25291733625705254	0.36532063501014195	0.32673267326732675	0.25	7.304502126233318	single-section within-human spatial support; not external validation	True	Advanced Clinical; Approved Drug; Database Ubiquitination; Druggable Family; GO CC high conf; Half-life Data; Med-Quality Pocket; Small Molecule Binder; Structure with Ligand; UniProt SigP or TMHMM; UniProt loc high conf	AB; OC; PR; SM	0.41770066996194066	coronary artery disorder; myocardial infarction; coronary artery bypass	False	2	regulation of gene expression; regulation of transcription factor activity	5	CHEMBL1795178	SINGLE PROTEIN	3	59	3	67	2.0	available
ENSMUSG00000007613	Tgfbr1	ENSG00000106799	TGFBR1	scar_repair_associated	36.916774402522904	True	0.10638297872340426	0.1616080607577415	fibroblast_scar_repair_score	0.13441349587431978	0.03144894630803832	100	0.1539403910790122	0.27163286180198076	0.45544554455445546	0.23529411764705882	6.688833916422389	single-section within-human spatial support; not external validation	True	Advanced Clinical; Database Ubiquitination; Druggable Family; GO CC high conf; Half-life Data; High-Quality Ligand; High-Quality Pocket; Human Protein Atlas loc; Literature; Small Molecule Binder; Structure with Ligand; UniProt SigP or TMHMM; UniProt Ubiquitination; UniProt loc high conf	AB; PR; SM	0.0		False	0		2	CHEMBL4439	SINGLE PROTEIN	2	23	3	27	2.0	available
ENSMUSG00000032440	Tgfbr2	ENSG00000163513	TGFBR2	immune_fibrotic_adverse	36.07726659414027	True	0.2759509993552547	0.4744680367618819	immune_fibrotic_activation_score	0.3250509651446979	0.0962144895973652	100	0.12791679372421427	0.27318890025284054	0.12871287128712872	0.23255813953488372	7.810770907147257	single-section within-human spatial support; not external validation	True	Database Ubiquitination; Druggable Family; GO CC high conf; High-Quality Ligand; Human Protein Atlas loc; Small Molecule Binder; Structure with Ligand; UniProt SigP or TMHMM; UniProt loc high conf	AB; PR; SM	0.0		False	1	diarrhea	0	CHEMBL4267	SINGLE PROTEIN	0	10	1	10	0.0	available
ENSMUSG00000037820	Tgm2	ENSG00000198959	TGM2	mechanical_adverse	35.355903759158416	True	0.504835589941973	0.9445244220860006	mechanical_border_score	0.24746707821112335	0.15856169100572115	100	0.17376500643936776	0.4521339360908226	0.06930693069306931	0.08860759493670886	9.19366322876041	single-section within-human spatial support; not external validation	True	Database Ubiquitination; Druggable Family; GO CC high conf; Half-life Data; High-Quality Ligand; High-Quality Pocket; Human Protein Atlas loc; Small Molecule Binder; Structure with Ligand; UniProt loc high conf; UniProt loc med conf	AB; PR; SM	0.053599550358497824	Rare familial disorder with hypertrophic cardiomyopathy; hypertrophic cardiomyopathy	False	0		0	CHEMBL2730	SINGLE PROTEIN	0	43	1	43	0.0	available
ENSMUSG00000023885	Thbs2	ENSG00000186340	THBS2	scar_repair_associated	39.19078493827794	True	0.4938749194068343	0.9468159891856047	fibroblast_scar_repair_score	0.3575148359007172	0.14030428912185972	100	0.15803651918444048	0.41107472120062044	0.07920792079207921	0.2077922077922078	10.807426677741965	single-section within-human spatial support; not external validation	True	GO CC high conf; Human Protein Atlas loc; UniProt SigP or TMHMM	AB	0.12106501823727045	cardiomyopathy	False	0		0			0	2	1	2	0.0	available
ENSMUSG00000021702	Thbs4	ENSG00000113296	THBS4	mechanical_adverse	36.216896649547394	True	0.3765312701482914	0.7328724308929513	mechanical_border_score	0.32258602557305055	0.32200975157803596	100	0.19065079764815018	0.41193501915073444	0.0297029702970297	0.1016949152542373	11.749075475472202	single-section within-human spatial support; not external validation	True	GO CC high conf; UniProt SigP or TMHMM; UniProt loc med conf	AB	0.09280760351271297	coronary artery disorder; hypertrophic cardiomyopathy; Rare familial disorder with hypertrophic cardiomyopathy; familial isolated dilated cardiomyopathy; familial isolated restrictive cardiomyopathy; coronary artery disease, autosomal dominant 2; dilated cardiomyopathy 1AA; hypertrophic cardiomyopathy 20	False	0		0			0	1	1	1	0.0	available
ENSMUSG00000017466	Timp2	ENSG00000035862	TIMP2	scar_repair_associated	38.947803119879836	True	0.4951644100580271	0.9581641190553457	fibroblast_scar_repair_score	0.29858408357128424	0.1985076002307967	100	0.09387538305586879	0.12327343190998934	0.019801980198019802	0.10256410256410256	11.612017321940527	single-section within-human spatial support; not external validation	True	Database Ubiquitination; GO CC high conf; Half-life Data; UniProt SigP or TMHMM; UniProt loc med conf	AB; PR	0.34801874889453494	coronary artery disorder; myocardial infarction	False	1	regulation of gene expression	0			0	0	0	0	0	unavailable
ENSMUSG00000049775	Tmsb4x	ENSG00000205542	TMSB4X	scar_repair_associated	37.96694556211271	True	0.8949065119277885	2.699778839422517	fibroblast_scar_repair_score	0.44554435174228096	0.35042450323928115	100	0.16562810442492218	0.4984163708224043	0.039603960396039604	0.07913669064748201	12.306359635633541	single-section within-human spatial support; not external validation	True	Database Ubiquitination; GO CC high conf; Half-life Data; Structure with Ligand; UniProt Ubiquitination	AB; PR; SM	0.06578706203315035	familial isolated dilated cardiomyopathy; dilated cardiomyopathy 1E; cardiomyopathy, familial hypertrophic, 28	False	0		0	CHEMBL6067128	SINGLE PROTEIN	0	1	1	1	0.0	available
ENSMUSG00000023905	Tnfrsf12a	ENSG00000006327	TNFRSF12A	mechanical_adverse	35.364703672593905	True	0.41070277240490005	0.7166577273306938	mechanical_border_score	0.2936626973379333	0.14979802487302937	100	0.15735912047000464	0.1999344512775078	0.06930693069306931	0.09375	9.5119761840276	single-section within-human spatial support; not external validation	True	Advanced Clinical; GO CC high conf; Human Protein Atlas loc; UniProt SigP or TMHMM	AB	0.055828158209589696	myocardial infarction; congestive heart failure	False	0		1	CHEMBL3712850	SINGLE PROTEIN	1	3	3	5	2.0	available
ENSMUSG00000091898	Tnnc1	ENSG00000114854	TNNC1	mechanical_adverse	34.20368750243199	True	0.9200515796260477	2.8856764418449616	mechanical_border_score	0.4779032391441713	0.2628463044139659	100	0.2550257785352127	0.5450973934844895	0.0594059405940594	0.16783216783216784	11.21007677752237	single-section within-human spatial support; not external validation	True	Advanced Clinical; Database Ubiquitination; Druggable Family; High-Quality Ligand; High-Quality Pocket; Small Molecule Binder; Structure with Ligand	PR; SM	0.7715906617907641	dilated cardiomyopathy 1Z; hypertrophic cardiomyopathy; hypertrophic cardiomyopathy 13; familial isolated dilated cardiomyopathy; Rare familial disorder with hypertrophic cardiomyopathy; dilated cardiomyopathy; heart failure; congestive heart failure	False	0		1	CHEMBL2066	SINGLE PROTEIN	0	5	2	6	0.0	available
ENSMUSG00000026414	Tnnt2	ENSG00000118194	TNNT2	mechanical_adverse	35.64486586272267	True	0.8072211476466795	2.21147164796228	mechanical_border_score	0.43797445447908145	0.2803243849972972	100	0.08448064691867876	0.1889767774334203	0.009900990099009901	0.1984126984126984	14.215148314176075	single-section within-human spatial support; not external validation	True	Advanced Clinical; Druggable Family; High-Quality Ligand; Small Molecule Binder; Structure with Ligand	PR; SM	0.8313357257277898	hypertrophic cardiomyopathy; hypertrophic cardiomyopathy 2; cardiomyopathy, familial restrictive, 3; familial isolated dilated cardiomyopathy; dilated cardiomyopathy; familial isolated restrictive cardiomyopathy; cardiomyopathy; Rare familial disorder with hypertrophic cardiomyopathy	True	0		1	CHEMBL2095202	PROTEIN COMPLEX	1	4	3	6	3.0	available
ENSMUSG00000032366	Tpm1	ENSG00000140416	TPM1	mechanical_adverse	35.35677897104673	True	0.9045776918117344	2.9146007369239544	mechanical_border_score	0.5260492467054013	0.3403513502508495	100	0.12210026849381544	0.1631838854270542	0.009900990099009901	0.18439716312056736	14.631472785196948	single-section within-human spatial support; not external validation	True	Database Ubiquitination; Half-life Data; Structure with Ligand	PR; SM	0.8084900201302846	hypertrophic cardiomyopathy; familial isolated dilated cardiomyopathy; Rare familial disorder with hypertrophic cardiomyopathy; cardiomyopathy; dilated cardiomyopathy; familial hypertrophic cardiomyopathy; familial cardiomyopathy; hypertrophic cardiomyopathy 1	False	0		0	CHEMBL4295705	SINGLE PROTEIN	0	0	0	0	0	unavailable
ENSMUSG00000051747	Ttn	ENSG00000155657	TTN	mechanical_adverse	34.59682832373414	True	0.9258542875564152	3.114653700256438	mechanical_border_score	0.4503917021897377	0.40487687242721876	100	0.10967417381202779	0.271987589717589	0.019801980198019802	0.11805555555555555	12.646794657582872	single-section within-human spatial support; not external validation	True	Database Ubiquitination; Druggable Family; GO CC high conf; Half-life Data; Structure with Ligand	AB; PR; SM	0.8405092112075613	dilated cardiomyopathy; dilated cardiomyopathy 1G; cardiomyopathy; early-onset myopathy with fatal cardiomyopathy; hypertrophic cardiomyopathy 9; heart failure; Rare familial disorder with hypertrophic cardiomyopathy; familial isolated dilated cardiomyopathy	False	0		0	CHEMBL6067440	SINGLE PROTEIN	0	1	1	1	0.0	available
ENSMUSG00000021614	Vcan	ENSG00000038427	VCAN	immune_fibrotic_adverse	35.20374769348478	True	0.6254029658284977	1.3412802343415424	immune_fibrotic_activation_score	0.34805015891446733	0.20653808886219602	100	0.19197107231664948	0.3328136629785248	0.04950495049504951	0.17525773195876287	12.490362809156908	single-section within-human spatial support; not external validation	True	Database Ubiquitination; GO CC high conf; Half-life Data; UniProt SigP or TMHMM; UniProt loc high conf	AB; PR	0.07159000631077347	hypertrophic cardiomyopathy; Rare familial disorder with hypertrophic cardiomyopathy; familial isolated dilated cardiomyopathy; familial isolated restrictive cardiomyopathy; dilated cardiomyopathy 1AA; hypertrophic cardiomyopathy 7	False	0		0			0	1	1	1	0.0	available
ENSMUSG00000026728	Vim	ENSG00000026025	VIM	scar_repair_associated	37.77622878697581	True	0.8491295938104448	2.368974698902915	fibroblast_scar_repair_score	0.45078645514749527	0.3282329370132519	100	0.209899918774938	0.37026437748582014	0.04950495049504951	0.15151515151515152	12.916839943006185	single-section within-human spatial support; not external validation	True	Advanced Clinical; Database Ubiquitination; GO CC med conf; Half-life Data; High-Quality Pocket; UniProt Ubiquitination; UniProt loc med conf	AB; PR; SM	0.07253690533041796	hypertrophic cardiomyopathy	False	0		1	CHEMBL3712854	SINGLE PROTEIN	1	4	3	6	2.0	available
ENSMUSG00000027022	Xirp2	ENSG00000163092	XIRP2	mechanical_adverse	37.38143858478706	True	0.30754352030947774	0.5357690837928224	mechanical_border_score	0.3575920900898284	0.06475152350867353	100	0.20210699511146385	0.2759972575703328	0.22772277227722773	0.10416666666666667	6.978885873872303	single-section within-human spatial support; not external validation	True	Database Ubiquitination; Human Protein Atlas loc	AB; PR	0.07395029934739236	hypertrophic cardiomyopathy; Rare familial disorder with hypertrophic cardiomyopathy; familial isolated dilated cardiomyopathy; Familial dilated cardiomyopathy with conduction defect due to LMNA mutation; familial isolated restrictive cardiomyopathy; dilated cardiomyopathy 1AA; dilated cardiomyopathy; hypertrophic cardiomyopathy 21	False	0		0			0	0	0	0	0	unavailable
ENSMUSG00000085795	Zfp703	ENSG00000183779	ZNF703	immune_fibrotic_adverse	35.32426596378708	True	0.05867182462927144	0.08450706341960175	immune_fibrotic_activation_score	0.08638520698685892	0.01922536063128843	100	0.03560617265684585	0.05404523679210777	0.22772277227722773	0.2	4.465184227092011	single-section within-human spatial support; not external validation	True			0.0		False	0		0			0	1	1	1	0.0	available
